event_id,title,subtitle,start_datetime,end_datetime,event_date,day_of_week,start_hour,duration_minutes,all_day,format,sponsor,cost,location,building,street_address,latitude,longitude,tags,event_url,updated_at,description
204010,New Student Social,"Calling all spring new students! Come meet fellow students, bowl, play billiards, and enjoy refreshments with the Transfer Engagement Program.",2025-01-16T18:00:00-06:00,2025-01-16T21:30:00-06:00,2025-01-16,Thursday,18,210.0,False,In person,Transfer Transition Program,,"Lower Sett, Union South",Union South,1308 W Dayton St,43.07185606563247,-89.40807376056726,student life,,2025-01-09T13:17:44.000-06:00,"Hope you're ready to take on the Spring Semester! Our first event of the year is all ""Sett"" up. Be ready for some bowling, free food, billiards and more!

Union South's Lower Sett
Thursday, January 16th 
6:00 PM-9:30 PM."
204009,New Transfer Student Symposium,Calling all new transfers for Spring 2025! Join the Transfer Engagement Program on January 17th to get prepared for classes and the year ahead!,2025-01-17T08:45:00-06:00,2025-01-17T13:00:00-06:00,2025-01-17,Friday,8,255.0,False,In person,Transfer Transition Program,,"Great Hall (4th Floor), Memorial Union",Memorial Union,800 Langdon St.,43.076421006278224,-89.39991444943722,student life,https://uwmadison.co1.qualtrics.com/jfe/form/SV_2nrvFbyIFNbWvwW,2025-01-09T13:18:19.000-06:00,"As we aim to make your transition to UW-Madison much smoother, we annually host this symposium where you can meet new transfer students, learn about campus resources, participate in helpful breakout sessions, and eat some breakfast on us! Registration is encouraged, link down below!

Event Location: Memorial Union's Great Hall (4th floor)
Date: January 17th, 2025
Time: 8:45 am-1:00pm"
204339,Bucky's Great Escape,,2025-01-18T14:00:00-06:00,2025-01-18T18:00:00-06:00,2025-01-18,Saturday,14,240.0,False,In person,,Free to Students,"Industry Room, Union South",Union South,1308 W Dayton St,43.07185606563247,-89.40807376056726,student life,https://www.signupgenius.com/go/10C0A4DACA62DAAFACE9-54118299-buckys,2025-01-16T12:19:13.000-06:00,"Test your problem solving skills in this escape room experience. Treat yourself to some snacks and try to win the prize for escaping the fastest! Registration required at this link (https://www.signupgenius.com/go/10C0A4DACA62DAAFACE9-54118299-buckys), join a team or sign up with a group (YOU CAN SIGN UP UNTIL THE ROOM IS FULL). Competitors must arrive 5-10 minutes before their scheduled time so they don't lose out on precious time!"
197355,OPT Workshop: ISS Advising Workshop Series,Advising Workshop: hosted by International Student Services (ISS),2025-01-21T16:30:00-06:00,2025-01-21T17:30:00-06:00,2025-01-21,Tuesday,16,60.0,False,Hybrid,International Student Services,,"International Community Center (Suite 130), Pyle Center",Pyle Center,702 Langdon St.,43.076272112872935,-89.39778056817491,student life,,2025-01-10T10:52:26.000-06:00,"In this workshop F-1 students can learn the steps for applying for off-campus work authorization called Optional Practical Training. Find out how to request your OPT I-20 through Terra Dotta and the application process with USCIS. Discover eligibility requirements for work, the timeline of applying, and the differences between pre-completion and post-completion OPT."
203308,Winter Welcome Board Game Night,Hosted by the Disability Cultural Center,2025-01-21T17:00:00-06:00,2025-01-21T20:00:00-06:00,2025-01-21,Tuesday,17,180.0,False,In person,McBurney Disability Resource Center,,"Disability Cultural Center, 702 W. Johnson St.",702 W. Johnson St.,702 West Johnson Street,43.07235393005751,-89.39791917800903,student life,,2025-12-11T10:55:03.000-06:00,"Join the Disability Cultural Center for Board Game Night. All are welcome. Bring your friends and your favorite game, or join in on Catan, Uno, and more! Pizza will be served."
204091,Spring Semester Military-Connected Student Welcome Breakfast,Fuel up for class with free food!,2025-01-23T09:00:00-06:00,2025-01-23T10:30:00-06:00,2025-01-23,Thursday,9,90.0,False,In person,University Veteran Services,,"Beefeaters (3rd Floor East), Memorial Union",Memorial Union,800 Langdon St.,43.076421006278224,-89.39991444943722,student life,,2025-01-10T14:24:33.000-06:00,"Stop by the Memorial Union for a free breakfast, meet the University Veteran Services (UVS) staff, and connect with other military-connected students. Breakfast options include bacon, bagels, donuts, yogurt, granola bars, tea, coffee, and juice. Drop-in and stay awhile or grab something on your way to class. We look forward to welcoming you back to campus!"
204468,Funding Study Abroad,Virtual Info Session,2025-01-24T10:00:00-06:00,2025-01-24T11:00:00-06:00,2025-01-24,Friday,10,60.0,False,Virtual,International Academic Programs,,Online,,,,,student life,https://studyabroad.wisc.edu/funding/,2025-08-05T12:17:04.000-05:00,"Worried that studying abroad will break your budget? Attend our upcoming Funding Study Abroad Info Session to learn about:  

•	The cost of studying abroad 
•	Financial Aid and Scholarships
•	Creative funding strategies and savings
•	And MORE

Offered in collaboration with the Office of Student Financial Aid"
203309,Disability Cultural Center (DCC) Crafternoon,,2025-01-24T14:00:00-06:00,2025-01-24T16:00:00-06:00,2025-01-24,Friday,14,120.0,False,In person,McBurney Disability Resource Center,,"Disability Cultural Center, 702 W. Johnson St.",702 W. Johnson St.,702 West Johnson Street,43.07235393005751,-89.39791917800903,student life,,2025-12-11T10:55:03.000-06:00,"Crafternoon is a weekly drop-in event open to all. Come craft with us! Supplies and inspiration provided, or bring your own projects. If you have questions or access requests, please contact Helen Rottier ([email removed])."
204539,Python 1: Foundational Python for Beginners,Software Training for Students (STS),2025-01-27T17:30:00-06:00,2025-01-27T19:00:00-06:00,2025-01-27,Monday,17,90.0,False,In person,Software Training for Students (STS),Free,2257 College Library,,,,,student life,https://sts.doit.wisc.edu/workshop/python-1-foundational-python-for-beginners-6/,2025-01-17T18:15:05.000-06:00,"Python is a powerful, cross-platform, easy-to-use programming language. The use of high-level syntax and typeless data makes it especially beginner-friendly and its interpreter makes troubleshooting and debugging a breeze. This class offers an introduction to Python.

Software Training for Students (STS) offers free technology classes for students. If you are a student and would like to attend this class, please enroll via the STS website (sts.doit.wisc.edu)."
204718,Undergraduate Projects Lab (UPL) Open House,,2025-01-27T17:30:00-06:00,2025-01-27T19:00:00-06:00,2025-01-27,Monday,17,90.0,False,In person,,,1240 Computer Sciences,Computer Sciences,1210 W. Dayton St.,43.07147417619353,-89.40672926189517,student life,https://www.upl.cs.wisc.edu,2025-01-23T08:59:40.000-06:00,"The Undergraduate Projects Lab (UPL) is hosting its spring semester open house on Monday, Jan. 27, at 5:30 pm in the CS building! The open house will be in the auditorium, room 1240, and we will clearly post signs guiding you to the room. Everyone is welcome, especially students new to UW-Madison or the Computer Sciences. Come to learn more about some of our projects and how you can get involved. We hope to see you there!"
204469,Funding Study Abroad,Virtual Info Session,2025-01-28T15:00:00-06:00,2025-01-28T16:00:00-06:00,2025-01-28,Tuesday,15,60.0,False,Virtual,International Academic Programs,,Online,,,,,student life,https://studyabroad.wisc.edu/funding/,2025-08-05T12:17:04.000-05:00,"Worried that studying abroad will break your budget? Attend our upcoming Funding Study Abroad Info Session to learn about:  

•	The cost of studying abroad 
•	Financial Aid and Scholarships
•	Creative funding strategies and savings
•	And MORE

Offered in collaboration with the Office of Student Financial Aid"
201542,Global Café,hosted by International Student Services (ISS),2025-01-29T16:30:00-06:00,2025-01-29T18:00:00-06:00,2025-01-29,Wednesday,16,90.0,False,In person,International Student Services,,"International Community Center (Suite 130), Pyle Center",Pyle Center,702 Langdon St.,43.076272112872935,-89.39778056817491,student life,https://iss.wisc.edu/get-involved/global-cafe/,2024-10-16T14:15:39.000-05:00,"Global Café is a biweekly event hosted by a different student organization each time. It is the perfect place to learn about new cultures while meeting other international and U.S. students. Each café will have a unique theme and activity which could include playing games, engaging in conversations, and much more! 

An RSVP on WIN is required to eat!"
204051,"OPT ""Ask Me Anything"" Session",Advising Workshop: hosted by International Student Services (ISS),2025-01-29T16:30:00-06:00,2025-01-29T17:30:00-06:00,2025-01-29,Wednesday,16,60.0,False,Virtual,International Student Services,,Online,,,,,student life,,2025-01-10T10:51:19.000-06:00,"You have questions, and we have answers! Join ISS Advisors for the  “Ask Me Anything” sessions, where you get answers to YOUR questions about F-1 work authorization. This series will provide resources and information to quick questions you may have.

Come prepared to ask questions! If you have a more complex question, you may be redirected to drop-in advising or encouraged to make an appointment with your advisor."
203310,Disability Cultural Center (DCC) Crafternoon,,2025-01-31T14:00:00-06:00,2025-01-31T16:00:00-06:00,2025-01-31,Friday,14,120.0,False,In person,McBurney Disability Resource Center,,"Disability Cultural Center, 702 W. Johnson St.",702 W. Johnson St.,702 West Johnson Street,43.07235393005751,-89.39791917800903,student life,,2025-12-11T10:55:03.000-06:00,"Crafternoon is a weekly drop-in event open to all. Come craft with us! Supplies and inspiration provided, or bring your own projects. If you have questions or access requests, please contact Helen Rottier ([email removed])."
203286,Thrive Workshop,Body Neutrality,2025-02-04T15:30:00-06:00,2025-02-04T16:30:00-06:00,2025-02-04,Tuesday,15,60.0,False,In person,University Health Services,,"Serenity Studio (Second Floor), Bakke Recreation &amp; Wellbeing Center",Bakke Recreation & Wellbeing Center,1976 Observatory Dr.,43.077036057825275,-89.4199771844343,student life,,2024-12-23T09:39:03.000-06:00,
203849,Invest in Your Growth: Goal Setting & Planting,,2025-02-04T18:00:00-06:00,2025-02-04T19:00:00-06:00,2025-02-04,Tuesday,18,60.0,False,In person,Recreation & Wellbeing,Free,"Bakke Serenity, Bakke Recreation &amp; Wellbeing Center",Bakke Recreation & Wellbeing Center,1976 Observatory Dr.,43.077036057825275,-89.4199771844343,student life,https://services.recwell.wisc.edu/Program/GetProgramDetails?courseId=d9e79abe-574f-4305-85a4-40ac44297a9c&semesterId=27ca61ce-c04f-4360-82a0-291e6837404e,2025-01-06T14:33:57.000-06:00,"Nurture yourself and a plant! Join Rec Well to create your wellbeing vision, set your goals, decorate a mini clay pot, and adopt a free plant. Open to current students only. Registration required via link provided here."
204823,"Writing Proposals for Hilldale, Holstrom, & Sophomore Research Fellowship: Part 2",,2025-02-06T12:00:00-06:00,,2025-02-06,Thursday,12,,False,Virtual,UW-Madison Writing Center,,Online,,,,,student life,https://forms.gle/gnfSBYnXy8NZPnQA8,2025-01-22T22:14:42.000-06:00,"If you’re applying for one of the University’s prestigious Hilldale, Holstrom, or Sophomore Research fellowships, don’t miss this workshop! You’ll have the chance to review successful applications from past years in a variety of fields and learn strategies that will help you stand out as a strong applicant."
204960,Funding Study Abroad,Virtual Info Session,2025-02-06T14:00:00-06:00,2025-02-06T15:00:00-06:00,2025-02-06,Thursday,14,60.0,False,Virtual,International Academic Programs,,Online,,,,,student life,https://studyabroad.wisc.edu/funding/,2025-08-05T12:17:04.000-05:00,"Worried that studying abroad will break your budget? Attend our upcoming Funding Study Abroad Info Session to learn about:  

•	The cost of studying abroad 
•	Financial Aid and Scholarships
•	Creative funding strategies and savings
•	And MORE

Offered in collaboration with the Office of Student Financial Aid"
203311,Disability Cultural Center (DCC) Crafternoon,,2025-02-07T14:00:00-06:00,2025-02-07T16:00:00-06:00,2025-02-07,Friday,14,120.0,False,In person,McBurney Disability Resource Center,,"Disability Cultural Center, 702 W. Johnson St.",702 W. Johnson St.,702 West Johnson Street,43.07235393005751,-89.39791917800903,student life,,2025-12-11T10:55:03.000-06:00,"Crafternoon is a weekly drop-in event open to all. Come craft with us! Supplies and inspiration provided, or bring your own projects. If you have questions or access requests, please contact Helen Rottier ([email removed])."
205741,University Veteran Services Satellite Office Hours,Connect with us at Nursing!,2025-02-10T11:30:00-06:00,2025-02-10T13:30:00-06:00,2025-02-10,Monday,11,120.0,False,In person,University Veteran Services,,"Atrium, Signe Skott Cooper Hall",Signe Skott Cooper Hall,701 Highland Ave,43.07752145214933,-89.42805964352885,student life,,2025-01-31T14:38:07.000-06:00,"University Veteran Services (UVS) is hosting drop-in office hours for military-connected students at Signe Skott Cooper Hall in the Atrium! This is a great opportunity to connect with a member of our staff face-to-face to talk education benefits, active duty orders, any other questions, or just to check in and say hello between classes. Military-connected students in all majors on campus are welcome. Please contact [email removed] with questions."
204694,Dating Culture in the US,Lunch and Learn with UHS and ISS and IFSS,2025-02-11T12:00:00-06:00,2025-02-11T13:30:00-06:00,2025-02-11,Tuesday,12,90.0,False,In person,International Student Services,,"International Community Center (Suite 130), Pyle Center",Pyle Center,702 Langdon St.,43.076272112872935,-89.39778056817491,student life,,2025-02-03T10:40:43.000-06:00,This is a workshop on healthy relationships for International students and staff. We’ll talk about U.S. social norms and cultural influences around dating at UW-Madison. It may include content on unhealthy relationships and dating violence. Send questions to confidential Violence Prevention staff at [email removed]. Confidential resources for those who have experienced relationship violence are available through UHS Survivor Services for students and EAO and Ombuds for staff and faculty.
203289,Thrive Workshop,Love Beyond Romance,2025-02-11T15:30:00-06:00,2025-02-11T16:30:00-06:00,2025-02-11,Tuesday,15,60.0,False,Virtual,University Health Services,,Online,,,,,student life,,2024-12-13T10:08:40.000-06:00,
197357,Program Completion Workshop: ISS Advising Workshop Series,Advising Workshop: hosted by International Student Services (ISS),2025-02-11T16:30:00-06:00,2025-02-11T17:30:00-06:00,2025-02-11,Tuesday,16,60.0,False,Virtual,International Student Services,,Online,,,,,student life,,2025-01-10T10:53:24.000-06:00,"Are you graduating soon? Wondering what your options are as an international student?

Join ISS for a Program Completion Workshop, where we will discuss all your F-1 and J-1 post-graduation options and navigate the visa implications. Topics will include starting a new academic program (at UW-Madison or another school), employment authorization, changing to a new visa status, and returning home."
201544,Global Café,hosted by International Student Services (ISS),2025-02-12T16:30:00-06:00,2025-02-12T18:00:00-06:00,2025-02-12,Wednesday,16,90.0,False,In person,International Student Services,,"International Community Center (Suite 130), Pyle Center",Pyle Center,702 Langdon St.,43.076272112872935,-89.39778056817491,student life,https://iss.wisc.edu/get-involved/global-cafe/,2024-10-16T14:16:15.000-05:00,"Global Café is a biweekly event hosted by a different student organization each time. It is the perfect place to learn about new cultures while meeting other international and U.S. students. Each café will have a unique theme and activity which could include playing games, engaging in conversations, and much more! 

An RSVP on WIN is required to eat!"
203340,Mental Health Resource Fair,Hosted by the Mental Health Student Advisory Board,2025-02-12T17:00:00-06:00,2025-02-12T19:00:00-06:00,2025-02-12,Wednesday,17,120.0,False,In person,University Health Services,,"Tripp Commons, Memorial Union",Memorial Union,800 Langdon St.,43.076421006278224,-89.39991444943722,student life,,2024-12-17T08:43:52.000-06:00,
203600,Ask a Therapist,,2025-02-12T17:00:00-06:00,2025-02-12T19:00:00-06:00,2025-02-12,Wednesday,17,120.0,False,In person,University Health Services,,"Tripp Commons, Memorial Union",Memorial Union,800 Langdon St.,43.076421006278224,-89.39991444943722,student life,,2025-02-11T11:00:33.000-06:00,
203542,Lunch & Learn with UHS Mental Health Services,Co-hosted with the Center for Educational Opportunity,2025-02-13T12:00:00-06:00,2025-02-13T13:00:00-06:00,2025-02-13,Thursday,12,60.0,False,In person,University Health Services,,16 Ingraham Hall,Ingraham Hall,1155 Observatory Dr.,43.07548942359363,-89.40536604421118,student life,,2024-12-20T08:22:35.000-06:00,
204471,Funding Study Abroad,Virtual Info Session,2025-02-14T11:00:00-06:00,2025-02-14T12:00:00-06:00,2025-02-14,Friday,11,60.0,False,Virtual,International Academic Programs,,Online,,,,,student life,https://studyabroad.wisc.edu/funding/,2025-08-05T12:17:04.000-05:00,"Worried that studying abroad will break your budget? Attend our upcoming Funding Study Abroad Info Session to learn about:  

•	The cost of studying abroad 
•	Financial Aid and Scholarships
•	Creative funding strategies and savings
•	And MORE

Offered in collaboration with the Office of Student Financial Aid"
203312,Disability Cultural Center (DCC) Crafternoon,,2025-02-14T14:00:00-06:00,2025-02-14T16:00:00-06:00,2025-02-14,Friday,14,120.0,False,In person,McBurney Disability Resource Center,,"Disability Cultural Center, 702 W. Johnson St.",702 W. Johnson St.,702 West Johnson Street,43.07235393005751,-89.39791917800903,student life,,2025-12-11T10:55:03.000-06:00,"Crafternoon is a weekly drop-in event open to all. Come craft with us! Supplies and inspiration provided, or bring your own projects. If you have questions or access requests, please contact Helen Rottier ([email removed])."
206234,"WACM Coffee, Cookies, & Conversations",,2025-02-14T16:00:00-06:00,2025-02-14T17:00:00-06:00,2025-02-14,Friday,16,60.0,False,In person,,,4310 Computer Sciences,Computer Sciences,1210 W. Dayton St.,43.07147417619353,-89.40672926189517,student life,,2025-02-13T07:52:44.000-06:00,"WACM (ACM-W) welcomes all female and nonbinary CS graduate students for free coffee and cookies. Stop by to chat, tell stories, and get your grad school questions answered. 

This is a recurring event every other week until the end of April."
197358,CPT Workshop: ISS Advising Workshop Series,Advising Workshop: hosted by International Student Services (ISS),2025-02-17T16:30:00-06:00,2025-02-17T17:30:00-06:00,2025-02-17,Monday,16,60.0,False,Virtual,International Student Services,,Online,,,,,student life,,2025-01-10T10:53:43.000-06:00,"Are you an F-1 student who wants to participate in an off-campus internship? Do you want to gain work experience before graduating? Join the Curricular Practical Training workshop and learn the eligibility requirements, resources on-campus, and academic requirements for CPT. Participate in an employment letter review session to know how to get your CPT approved as quickly as possible."
204886,Keep It Clean: Candid Conversations about Disability and Hygiene,Hosted by the Disability Cultural Center,2025-02-18T16:00:00-06:00,2025-02-18T18:00:00-06:00,2025-02-18,Tuesday,16,120.0,False,In person,McBurney Disability Resource Center,,"Disability Cultural Center, 702 W. Johnson St.",702 W. Johnson St.,702 West Johnson Street,43.07235393005751,-89.39791917800903,student life,,2025-12-11T10:55:03.000-06:00,"Do you ever find it hard to keep up with personal hygiene? You’re not alone! Join us for Keep it Clean: Candid Conversations on Disability and Hygiene. We'll have informal, shame-free discussions, free trial sizes of accessible hygiene products, and catering from Naf Naf Mediterranean Grill!"
205838,Workshop: Crochet Fundamentals,,2025-02-18T16:00:00-06:00,2025-02-18T17:00:00-06:00,2025-02-18,Tuesday,16,60.0,False,In person,Design Innovation Lab,,"Design Innovation Lab, Wendt Commons",Wendt Commons,215 N. Randall Ave.,43.071467152055256,-89.40865348630953,student life,,2025-02-17T13:22:55.000-06:00,"Want to learn how to crochet? This is the workshop for you! Learn three basic stitches, and make simple sample swatches out of them. Materials are provided, and take home whatever you make!

All UW community (students, staff, faculty, alumni) is invited. No permit is needed to attend. No RSVP required, though priority is given to those that register.

Sign-up here: https://forms.gle/p3fiir2j11m8YYTw9

More about our workshops here: https://making.engr.wisc.edu/workshops/"
204472,Funding Study Abroad,Virtual Info Session,2025-02-19T15:00:00-06:00,2025-02-19T16:00:00-06:00,2025-02-19,Wednesday,15,60.0,False,Virtual,International Academic Programs,,Online,,,,,student life,https://studyabroad.wisc.edu/funding/,2025-08-05T12:17:04.000-05:00,"Worried that studying abroad will break your budget? Attend our upcoming Funding Study Abroad Info Session to learn about:  

•	The cost of studying abroad 
•	Financial Aid and Scholarships
•	Creative funding strategies and savings
•	And MORE

Offered in collaboration with the Office of Student Financial Aid"
204811,Military-Connected Study Day,Open study for military-connected students and drop-in advising with University Veteran Services!,2025-02-20T10:00:00-06:00,2025-02-20T16:00:00-06:00,2025-02-20,Thursday,10,360.0,False,In person,University Veteran Services,,"10320 (10th floor), 333 East Campus Mall",333 East Campus Mall,333 East Campus Mall,43.07238842928146,-89.39873499064846,student life,,2025-01-22T15:34:33.000-06:00,"University Veteran Services welcomes military-connected students to beat the stress of midterms with a study day near our offices at 333 E. Campus Mall (10th floor)! We will also be available to answer any questions you have on a drop-in basis. Feel free to stop by for a bit or stay all day to study, chat with other military-connected students, and/or grab some light refreshments!"
206551,Dinner at Buraka,Join TTP for a night of Ethiopian cuisine and culture at one of Madison's best restaurants!,2025-02-20T18:00:00-06:00,2025-02-20T20:30:00-06:00,2025-02-20,Thursday,18,150.0,False,Unspecified,Transfer Transition Program,$8,,,,,,student life,https://urldefense.com/v3/__https://wisc.us1.list-manage.com/track/click?u=021e771db43fe30a0a43729ec&id=91caa9fdf1&e=847e8dacdf__;!!Mak6IKo!NrIz5UzDIRA3jkdJMDRHUVBMDs85d9fabE1IH9rwuFSxY-KsUm2ZYQdBom-mbktuq1Jgxz7PX6wT7uCAerK5X0EcKOpCFA$,2025-02-18T10:02:58.000-06:00,"In celebration of Black History Month, come join the Transfer Transition Program for a meal to learn more about Ethiopian food and culture! The event will include a cultural lesson by the owner Markos Ragassa. Food will be provided with vegetarian options available. Busing will be provided for UW students at 5:45 PM from the Chazen. All are welcome, including non-transfer students. Space is limited, so registration is required!"
203313,Disability Cultural Center (DCC) Crafternoon,,2025-02-21T14:00:00-06:00,2025-02-21T16:00:00-06:00,2025-02-21,Friday,14,120.0,False,In person,McBurney Disability Resource Center,,"Disability Cultural Center, 702 W. Johnson St.",702 W. Johnson St.,702 West Johnson Street,43.07235393005751,-89.39791917800903,student life,,2025-12-11T10:55:03.000-06:00,"Crafternoon is a weekly drop-in event open to all. Come craft with us! Supplies and inspiration provided, or bring your own projects. If you have questions or access requests, please contact Helen Rottier ([email removed])."
204473,Funding Study Abroad,Virtual Info Session,2025-02-24T14:00:00-06:00,2025-02-24T15:00:00-06:00,2025-02-24,Monday,14,60.0,False,Virtual,International Academic Programs,,Online,,,,,student life,https://studyabroad.wisc.edu/funding/,2025-08-05T12:17:04.000-05:00,"Worried that studying abroad will break your budget? Attend our upcoming Funding Study Abroad Info Session to learn about:  

•	The cost of studying abroad 
•	Financial Aid and Scholarships
•	Creative funding strategies and savings
•	And MORE

Offered in collaboration with the Office of Student Financial Aid"
197359,"CPT ""Ask Me Anything"" Session",Advising Workshop: hosted by International Student Services (ISS),2025-02-24T16:30:00-06:00,2025-02-24T17:30:00-06:00,2025-02-24,Monday,16,60.0,False,Virtual,International Student Services,,Online,,,,,student life,,2025-01-10T10:54:21.000-06:00,"You have questions, and we have answers! Join ISS Advisors for the “Ask Me Anything” series, where you get answers to YOUR questions about CPT. This series will provide resources and information to quick questions you may have.

Come prepared to ask questions! If you have a more complex question, you may be redirected to drop-in advising or encouraged to make an appointment with your advisor."
204509,"Intern and Study in Washington, DC",Virtual Info Session,2025-02-26T11:00:00-06:00,2025-02-26T12:00:00-06:00,2025-02-26,Wednesday,11,60.0,False,Virtual,International Academic Programs,,Online,,,,,student life,https://studyabroad.wisc.edu/uwindc/,2025-01-16T23:13:23.000-06:00,"Meet advisors &amp; returned students of the Wisconsin in Washington program to learn how YOU can jump start your career by:

&gt; interning in Washington, DC
&gt; completing classwork in domestic &amp; international issues that complement &amp; enhance your internship experience
&gt; taking a course from our Ambassador in Residence
&gt; connecting with UW alumni &amp; professionals in your field"
206602,TTP Black History Month Celebration Lunch,Come eat and honor Black History with us!,2025-02-26T11:30:00-06:00,,2025-02-26,Wednesday,11,,False,Unspecified,Transfer Transition Program,,,,,,,student life,,2025-02-18T14:01:48.000-06:00,Join us to celebrate Black History Month with the Transfer Transition Program as we host a lunch featuring West African food! Attendees will also have an opportunity to learn about Wisconsin's Black History. There’s nothing planned for this event except for good food and friendly people. Everyone is welcome!
201545,Global Café,hosted by International Student Services (ISS),2025-02-26T16:30:00-06:00,2025-02-26T18:00:00-06:00,2025-02-26,Wednesday,16,90.0,False,In person,International Student Services,,"International Community Center (Suite 130), Pyle Center",Pyle Center,702 Langdon St.,43.076272112872935,-89.39778056817491,student life,https://iss.wisc.edu/get-involved/global-cafe/,2024-10-16T14:16:21.000-05:00,"Global Café is a biweekly event hosted by a different student organization each time. It is the perfect place to learn about new cultures while meeting other international and U.S. students. Each café will have a unique theme and activity which could include playing games, engaging in conversations, and much more! 

An RSVP on WIN is required to eat!"
204527,Peace Journaling: Exploring Faith and Service,Make a smash book journal at Wheelhouse with conversations around faith and service,2025-02-26T18:00:00-06:00,2025-02-26T19:30:00-06:00,2025-02-26,Wednesday,18,90.0,False,In person,University Veteran Services,,"Wheelhouse Studios, Memorial Union",Memorial Union,800 Langdon St.,43.076421006278224,-89.39991444943722,student life,https://go.wisc.edu/6v9mgv,2025-01-31T14:11:57.000-06:00,"Join University Veteran Services and the Center for Interfaith Dialogue for reflections and conversations on faith, service, and finding peace in our lives. Come create your own commemorative smash book journal at Wheelhouse Studios (Memorial Union) and reflect on how faith and service created a space for peace in your life or community. For more information and to save your spot, RSVP below!"
203314,Disability Cultural Center (DCC) Crafternoon,,2025-02-28T14:00:00-06:00,2025-02-28T16:00:00-06:00,2025-02-28,Friday,14,120.0,False,In person,McBurney Disability Resource Center,,"Disability Cultural Center, 702 W. Johnson St.",702 W. Johnson St.,702 West Johnson Street,43.07235393005751,-89.39791917800903,student life,,2025-12-11T10:55:03.000-06:00,"Crafternoon is a weekly drop-in event open to all. Come craft with us! Supplies and inspiration provided, or bring your own projects. If you have questions or access requests, please contact Helen Rottier ([email removed])."
206235,"WACM Coffee, Cookies, & Conversations",,2025-02-28T16:00:00-06:00,2025-02-28T17:00:00-06:00,2025-02-28,Friday,16,60.0,False,In person,,,4310 Computer Sciences,Computer Sciences,1210 W. Dayton St.,43.07147417619353,-89.40672926189517,student life,,2025-02-13T07:52:44.000-06:00,"WACM (ACM-W) welcomes all female and nonbinary CS graduate students for free coffee and cookies. Stop by to chat, tell stories, and get your grad school questions answered. 

This is a recurring event every other week until the end of April."
205845,Python 1: Foundational Python for Beginners,Software Training for Students (STS),2025-03-03T17:30:00-06:00,2025-03-03T19:00:00-06:00,2025-03-03,Monday,17,90.0,False,In person,Software Training for Students (STS),Free,2257 College Library,,,,,student life,https://sts.doit.wisc.edu/workshop/python-1-foundational-python-for-beginners-10/,2025-02-03T16:25:06.000-06:00,"Python is a powerful, cross-platform, easy-to-use programming language. The use of high-level syntax and typeless data makes it especially beginner-friendly and its interpreter makes troubleshooting and debugging a breeze. This class offers an introduction to Python.

Software Training for Students (STS) offers free technology classes for students. If you are a student and would like to attend this class, please enroll via the STS website (sts.doit.wisc.edu)."
205624,"Intern and Study in Washington, DC",Info Session,2025-03-04T16:00:00-06:00,2025-03-04T17:00:00-06:00,2025-03-04,Tuesday,16,60.0,False,In person,International Academic Programs,,Study Abroad Resource Center (3rd Floor Red Gym),,,,,student life,https://studyabroad.wisc.edu/uwindc/,2025-01-30T13:54:45.000-06:00,"Meet advisors &amp; returned students of the Wisconsin in Washington program to learn how YOU can jump start your career by:

&gt; interning in Washington, DC
&gt; completing classwork in domestic &amp; international issues that complement &amp; enhance your internship experience
&gt; connecting with UW alumni &amp; professionals in your field

Registration encouraged (not required):  bit.ly/WiW-March"
207139,"Intern and Study in Washington, DC",Drop-in Advising,2025-03-05T14:00:00-06:00,2025-03-05T16:00:00-06:00,2025-03-05,Wednesday,14,120.0,False,In person,International Academic Programs,,Study Abroad Resource Center (3rd Floor Red Gym),,,,,student life,https://studyabroad.wisc.edu/uwindc/,2025-02-28T12:31:30.000-06:00,Program Manager Hannah Roberg will help answer all your questions about the&nbsp;Wisconsin in Washington program during these special in-person drop-in hours!
205847,Python 2: Boosting Python With Objective Oriented Programming Methods,Software Training for Students (STS),2025-03-05T17:30:00-06:00,2025-03-05T19:30:00-06:00,2025-03-05,Wednesday,17,120.0,False,In person,Software Training for Students (STS),Free,2257 College Library,,,,,student life,https://sts.doit.wisc.edu/workshop/python-2-boosting-python-with-objective-oriented-programming-methods/,2025-02-03T17:16:10.000-06:00,"This course is designed to help teach Object Oriented Programming and its corresponding syntax in Python. This course assumes you have a basic understanding of procedural programming in Python as taught in the preceding course.

Software Training for Students (STS) offers free technology classes for students. If you are a student and would like to attend this class, please enroll via the STS website (go.wisc.edu/sts)."
206273,Military-Connected Cozy Game Night,"Join UVS for a night of fun, games, food, and relaxation!",2025-03-05T18:00:00-06:00,2025-03-05T22:00:00-06:00,2025-03-05,Wednesday,18,240.0,False,In person,University Veteran Services,,"ESports Lounge, Bakke Recreation &amp; Wellbeing Center",Bakke Recreation & Wellbeing Center,1976 Observatory Dr.,43.077036057825275,-89.4199771844343,student life,https://go.wisc.edu/7gw4e7,2025-02-12T14:10:30.000-06:00,"De-stress during midterms by joining UVS and Rec Well for a night of fun, food, and relaxation at the Bakke. Enjoy free pizza, video games, wellness activities, self-care packages, and a chance to win an Ian’s gift card provided by Rec Well! Some available games include: Stardew Valley, Tetris Effect, Slime Rancher, A Little to the Left, and more. Please fill out the interest form below so we know how many self-care packages to make. We encourage you to bring friends to join in on the fun!"
206864,Veterans/Currently Serving Students Workout,Active Badger Day Event,2025-03-06T09:00:00-06:00,2025-03-06T10:00:00-06:00,2025-03-06,Thursday,9,60.0,False,In person,University Veteran Services,,"Reach Performance Studio, Bakke Recreation &amp; Wellbeing Center",Bakke Recreation & Wellbeing Center,1976 Observatory Dr.,43.077036057825275,-89.4199771844343,student life,https://recwell.wisc.edu/activebadgerday/,2025-02-26T10:04:01.000-06:00,"Work out while meeting other vets/currently serving students! Complete the provided workout, or do your own thing! We’re partnering with the University Veteran Services (UVS) for this session and it’s open to all veterans, currently serving students, and anyone else who would like to be a part of this workout."
206210,Ask a Therapist,,2025-03-06T14:00:00-06:00,2025-03-06T16:00:00-06:00,2025-03-06,Thursday,14,120.0,False,In person,University Health Services,,Nicholas Recreation Center,Nicholas Recreation Center,797 W Dayton St,43.07053495954789,-89.39826565824161,student life,,2025-02-11T11:01:38.000-06:00,
203290,Thrive Workshop,Self-Compassion & Coping,2025-03-06T15:30:00-06:00,2025-03-06T16:30:00-06:00,2025-03-06,Thursday,15,60.0,False,Virtual,University Health Services,,Online,,,,,student life,,2024-12-13T10:11:48.000-06:00,
207147,Breakfast Before Dawn,Join TTP for an early-morning of warm food and great people in celebration of MENA!,2025-03-07T03:30:00-06:00,2025-03-07T05:00:00-06:00,2025-03-07,Friday,3,90.0,False,In person,Transfer Transition Program,,"Transfer Engagement Center, Middleton Building",Middleton Building,1305 Linden Dr.,43.07478605053824,-89.408199,student life,https://go.wisc.edu/5nk367,2025-02-28T15:34:14.000-06:00,"Join us for an early morning gathering featuring delicious pre-dawn bites and warm company! Whether you’re preparing to fast or just up early, come be in community with us! Pre-registration is encouraged but not required."
203316,Disability Cultural Center (DCC) Crafternoon,,2025-03-07T14:00:00-06:00,2025-03-07T16:00:00-06:00,2025-03-07,Friday,14,120.0,False,In person,McBurney Disability Resource Center,,"Disability Cultural Center, 702 W. Johnson St.",702 W. Johnson St.,702 West Johnson Street,43.07235393005751,-89.39791917800903,student life,,2025-12-11T10:55:03.000-06:00,"Crafternoon is a weekly drop-in event open to all. Come craft with us! Supplies and inspiration provided, or bring your own projects. If you have questions or access requests, please contact Helen Rottier ([email removed])."
206228,Student Night at the Chazen,Enjoy a FREE student-only event at the Chazen Museum of Art!,2025-03-07T17:00:00-06:00,2025-03-07T19:00:00-06:00,2025-03-07,Friday,17,120.0,False,In person,Chazen Museum of Art,,Chazen Museum of Art,Chazen Museum of Art,750 University Ave,43.073880287326794,-89.39869345930676,student life,https://www.eventbrite.com/e/student-night-at-the-chazen-tickets-1228608634499?aff=oddtdtcreator,2025-03-10T14:49:19.000-05:00,"You're invited to a FREE student-only event at the Chazen Museum of Art celebrating You Belong Here: Place, People, and Purpose and The Crafted World of Wharton Esherick! Explore the works on view in both exhibitions and win prizes by taking a journey through the galleries. Hands-on art-making activities in the lobby will offer the chance to build collages with local artist Natalie Ergas and woodblock print your own tote bag to take home. Light snacks and drinks provided.

RSVPs are encouraged."
207144,ASM Spring 2025 Elections,Vote online in the  Associated Students of Madison (ASM) Elections,2025-03-10T00:00:00-05:00,,2025-03-10,Monday,0,,True,Virtual,,,Online,,,,,student life,https://asm.wisc.edu/elections/,2025-03-03T09:00:20.000-06:00,"This spring semester UW-Madison student voters will decide on representatives for the ASM Student Council and the Student Services Finance Committee (SSFC) beginning Monday, March 10 at 8:00 a.m. CST, until Wednesday, March 12 at 5:00 p.m. CST."
205742,University Veteran Services Satellite Office Hours,Connect with us at Nursing!,2025-03-10T11:30:00-05:00,2025-03-10T13:30:00-05:00,2025-03-10,Monday,11,120.0,False,In person,University Veteran Services,,"Atrium, Signe Skott Cooper Hall",Signe Skott Cooper Hall,701 Highland Ave,43.07752145214933,-89.42805964352885,student life,,2025-01-31T14:38:18.000-06:00,"University Veteran Services (UVS) is hosting drop-in office hours for military-connected students at Signe Skott Cooper Hall in the Atrium! This is a great opportunity to connect with a member of our staff face-to-face to talk education benefits, active duty orders, any other questions, or just to check in and say hello between classes. Military-connected students in all majors on campus are welcome. Please contact [email removed] with questions."
205849,Exploring NLP with Hugging Face and Foundation Models,Software Training for Students (STS),2025-03-10T17:30:00-05:00,2025-03-10T19:30:00-05:00,2025-03-10,Monday,17,120.0,False,In person,Software Training for Students (STS),Free,2257 College Library,,,,,student life,https://sts.doit.wisc.edu/workshop/exploring-nlp-with-hugging-face-and-foundation-models-2/,2025-02-03T16:34:38.000-06:00,"Whether you’re new to NLP or looking to deepen your understanding of transformer-based architectures, this workshop will offer an interactive introduction to Hugging Face’s ecosystem. Participants will explore model inferencing, customizations, and practical techniques for efficient deployment.

Software Training for Students (STS) offers free technology classes for students. If you are a student and would like to attend this class, please enroll via the STS website (sts.doit.wisc.edu)."
207145,ASM Spring 2025 Elections,Vote online in the  Associated Students of Madison (ASM) Elections,2025-03-11T00:00:00-05:00,,2025-03-11,Tuesday,0,,True,Virtual,,,Online,,,,,student life,https://asm.wisc.edu/elections/,2025-03-03T09:00:20.000-06:00,"This spring semester UW-Madison student voters will decide on representatives for the ASM Student Council and the Student Services Finance Committee (SSFC) beginning Monday, March 10 at 8:00 a.m. CST, until Wednesday, March 12 at 5:00 p.m. CST."
197360,STEM Extension Workshop: ISS Advising Workshop Series,Advising Workshop: hosted by International Student Services (ISS),2025-03-11T17:30:00-05:00,2025-03-11T18:30:00-05:00,2025-03-11,Tuesday,17,60.0,False,Virtual,International Student Services,,Online,,,,,student life,,2025-01-10T10:54:38.000-06:00,"Virtual ISS Advising Workshop for students about STEM Extension OPT.

Are you currently on post-completion Optional Practical Training? Is your degree STEM eligible? Join ISS for a virtual event based on the steps for applying for the STEM OPT extension. Go through the entire timeline of STEM OPT from application to approval, to reporting requirements."
207146,ASM Spring 2025 Elections,Vote online in the  Associated Students of Madison (ASM) Elections,2025-03-12T00:00:00-05:00,,2025-03-12,Wednesday,0,,True,Virtual,,,Online,,,,,student life,https://asm.wisc.edu/elections/,2025-03-03T09:00:20.000-06:00,"This spring semester UW-Madison student voters will decide on representatives for the ASM Student Council and the Student Services Finance Committee (SSFC) beginning Monday, March 10 at 8:00 a.m. CST, until Wednesday, March 12 at 5:00 p.m. CST."
207357,"Bridging Identities, Strengthening Pluralism: A Discussion with Eboo Patel, Founder and President of Interfaith America",,2025-03-12T15:00:00-05:00,2025-03-12T16:30:00-05:00,2025-03-12,Wednesday,15,90.0,False,In person,,Free,"Tripp Commons, Memorial Union",Memorial Union,800 Langdon St.,43.076421006278224,-89.39991444943722,student life,https://go.wisc.edu/eboopatel,2025-03-05T15:38:24.000-06:00,"Join Eboo Patel, internationally recognized author, speaker, and interfaith leader, on Wednesday, March 12, from 3–4:30 p.m. at Tripp Commons in the Memorial Union, for a discussion about strengthening pluralism through navigating diverse viewpoints, beliefs, and values in a challenging world. Complimentary snacks and drinks will be provided. Don’t miss this powerful event: RSVP requested but not necessary to attend."
206901,WI Supreme Court Debate Watch Party,,2025-03-12T19:00:00-05:00,,2025-03-12,Wednesday,19,,False,In person,Morgridge Center for Public Service,,232 Pyle Center,Pyle Center,702 Langdon St.,43.076272112872935,-89.39778056817491,student life,,2025-02-27T10:20:55.000-06:00,Get your popcorn ready because it's debate night! Join us to view Wisconsin's debate between the two Supreme Court candidates. This is one spectacle you do not want to miss so bring your friends and get ready for a night of cheers and jeers following our District 2 Candidate Forum. Will you be there?
207430,K-9 Veterans Day with Therapy Dog Dusty,Celebrate National K-9 Veterans Day with UVS!,2025-03-13T11:00:00-05:00,2025-03-13T13:00:00-05:00,2025-03-13,Thursday,11,120.0,False,In person,University Veteran Services,,"11301 (11th floor), 333 East Campus Mall",333 East Campus Mall,333 East Campus Mall,43.07238842928146,-89.39873499064846,student life,,2025-03-07T15:03:56.000-06:00,"Celebrate K-9 Veterans Day with one of UWPD's therapy dogs, Dusty! March 13th is National K-9 Veterans Day, a day to celebrate and honor the service of American military and working dogs. Swing by the lounge on the 11th floor of 333 East Campus Mall to give Dusty some well-deserved pets and praise for all her hard work! You will find the room all the way down the hall and to the right when you get off the elevator."
207140,"Intern and Study in Washington, DC",Drop-in Advising,2025-03-13T13:00:00-05:00,2025-03-13T17:00:00-05:00,2025-03-13,Thursday,13,240.0,False,In person,International Academic Programs,,Study Abroad Resource Center (3rd Floor Red Gym),,,,,student life,https://studyabroad.wisc.edu/uwindc/,2025-02-28T12:32:00.000-06:00,Program Manager Hannah Roberg will help answer all your questions about the&nbsp;Wisconsin in Washington program during these special in-person drop-in hours!
207476,Who's Your Neighbor,Meet Dynamic Community Leaders,2025-03-13T17:30:00-05:00,2025-03-13T19:30:00-05:00,2025-03-13,Thursday,17,120.0,False,In person,Morgridge Center for Public Service,,"154 - Morgridge Center for Public Service, Armory and Gymnasium (Red Gym)",Armory and Gymnasium (Red Gym),716 Langdon St.,43.07631796199038,-89.39845049122404,student life,,2025-03-11T11:58:55.000-05:00,Join us for our upcoming Who’s Your Neighbor? event. Meet the dynamic community leaders in the wider Madison area and engage in conversation to build relationships and celebrate what it means to be part of a community. Stay tuned to learn more about our community leaders! This event is open to all UW-Madison students and dinner will be provided!
203317,Disability Cultural Center (DCC) Crafternoon,,2025-03-14T14:00:00-05:00,2025-03-14T16:00:00-05:00,2025-03-14,Friday,14,120.0,False,In person,McBurney Disability Resource Center,,"Disability Cultural Center, 702 W. Johnson St.",702 W. Johnson St.,702 West Johnson Street,43.07235393005751,-89.39791917800903,student life,,2025-12-11T10:55:03.000-06:00,"Crafternoon is a weekly drop-in event open to all. Come craft with us! Supplies and inspiration provided, or bring your own projects. If you have questions or access requests, please contact Helen Rottier ([email removed])."
206236,"WACM Coffee, Cookies, & Conversations",,2025-03-14T16:00:00-05:00,2025-03-14T17:00:00-05:00,2025-03-14,Friday,16,60.0,False,In person,,,4310 Computer Sciences,Computer Sciences,1210 W. Dayton St.,43.07147417619353,-89.40672926189517,student life,,2025-02-13T07:52:44.000-06:00,"WACM (ACM-W) welcomes all female and nonbinary CS graduate students for free coffee and cookies. Stop by to chat, tell stories, and get your grad school questions answered. 

This is a recurring event every other week until the end of April."
197361,"STEM Extension ""Ask Me Anything"" Session",Advising Workshop: hosted by International Student Services (ISS),2025-03-17T16:30:00-05:00,2025-03-17T17:30:00-05:00,2025-03-17,Monday,16,60.0,False,Virtual,International Student Services,,Online,,,,,student life,,2025-01-10T10:55:03.000-06:00,"You have questions, and we have answers! Join ISS Advisors for the i“Ask Me Anything” series, where you get answers to YOUR questions about F-1 work authorization / STEM Extension. This series will provide resources and information to quick questions you may have.
Come prepared to ask questions! If you have a more complex question, you may be redirected to drop-in advising or encouraged to make an appointment with your advisor."
207613,Neurodiversity Celebration Week Special Interest Fair,Hosted by the Disability Cultural Center,2025-03-17T18:00:00-05:00,2025-03-17T20:00:00-05:00,2025-03-17,Monday,18,120.0,False,Hybrid,McBurney Disability Resource Center,,"Disability Cultural Center, 702 W. Johnson St.",702 W. Johnson St.,702 West Johnson Street,43.07235393005751,-89.39791917800903,student life,https://linktr.ee/uw_disability,2025-12-11T10:55:03.000-06:00,"In honor of Neurodiversity Celebration Week, the DCC will host our special interest fair - an opportunity for neurodivergent students to share their favorite topic with others who are excited to learn. Students can present for up to five minutes on any topic. This event is hybrid."
207407,The Science and Social Impact of Meditation with Dr. Richard Davidson,,2025-03-17T19:00:00-05:00,2025-03-17T21:00:00-05:00,2025-03-17,Monday,19,120.0,False,In person,,$10,Gordon Dining and Event Center,Gordon Dining and Event Center,770 W. Dayton St.,43.07121066456369,-89.39836323641278,student life,https://www.eventbrite.com/e/science-of-meditation-with-dr-richard-davidson-mad-h-o-250317-tickets-1119188455799?aff=oddtdtcreator,2025-03-11T09:09:57.000-05:00,"Meditation is more than a path to personal well-being—it also nurtures resilience, reduces social bias, and fosters more compassionate societies. 

Join Dr. Richard Davidson, founder of the Center for Healthy Minds and close collaborator of the Dalai Lama, for a talk exploring the science behind meditation’s transformative impact. A pioneer in contemplative neuroscience, Dr. Davidson will share groundbreaking insights about the pro-social effects of meditation, in person and online, open to all!"
207342,Military-Connected Study Day,Open study for military-connected students and drop-in advising with University Veteran Services!,2025-03-18T10:00:00-05:00,2025-03-18T16:00:00-05:00,2025-03-18,Tuesday,10,360.0,False,In person,University Veteran Services,,"10320 (10th floor), 333 East Campus Mall",333 East Campus Mall,333 East Campus Mall,43.07238842928146,-89.39873499064846,student life,,2025-03-04T13:42:13.000-06:00,"University Veteran Services welcomes you to finish off any last assignments before spring break with a study day near our offices at 333 E. Campus Mall (10th floor). We will also be available to answer any questions you have about benefits on a drop-in basis. Feel free to stop by for a bit or stay all day to study, chat with other military-connected students, bring a friend, or make new connections. Snacks and light refreshments will be provided!"
203291,Thrive Workshop,Overcoming Loneliness,2025-03-18T15:30:00-05:00,2025-03-18T16:30:00-05:00,2025-03-18,Tuesday,15,60.0,False,In person,University Health Services,,"1125-1, Smith Residence Hall",Smith Residence Hall,35 N. Park St.,43.06903738975022,-89.40039268946671,student life,,2024-12-23T09:41:24.000-06:00,
205853,Excel 2: Boost Your Excel IQ: Mastering Functions,Software Training for Students (STS),2025-03-18T17:30:00-05:00,2025-03-18T19:00:00-05:00,2025-03-18,Tuesday,17,90.0,False,In person,Software Training for Students (STS),Free,2257 College Library,,,,,student life,https://sts.doit.wisc.edu/workshop/excel-2-boost-your-excel-iq-mastering-functions-5/,2025-02-03T16:38:00.000-06:00,"This workshop expands on the material in Excel 1 and introduces a wider array of built-in functions to make working with data easier. Topics include:

Logical functions including COUNT and COUNTIF
Lookup, array, and summary functions
Text formatting
Linking data between workbooks and worksheets

Software Training for Students (STS) offers free technology classes for students. If you are a student and would like to attend this class, please enroll via the STS website (sts.doit.wisc.edu)."
206149,Swipe Out Hunger - Swipe Drive,Swipe Out Hunger - Swipe Drive March 19 and April 16,2025-03-19T00:00:00-05:00,,2025-03-19,Wednesday,0,,True,Unspecified,Vice Chancellor for Student Affairs,,,,,,,student life,,2025-02-10T10:07:31.000-06:00,"Help each other out.&nbsp;Join&nbsp;Student Affairs along with campus partners on March 19 and April 16 for the for two opportunities to participate in the swipe drive. Moneys raised supports the Badger FARE Program. You can also donate a meal swipe at&nbsp;University Housing Dining locations ,&nbsp;Wisconsin Union, and the&nbsp;UW Bookstore. Either way, join your community and support fellow Badgers at UW-Madison.

Funds help ensure all Badgers have access to affordable and&nbsp;nutritious food."
207616,Crafts & Conversation,Hosted by the Disability Cultural Center and PAVE,2025-03-19T18:00:00-05:00,2025-03-19T19:30:00-05:00,2025-03-19,Wednesday,18,90.0,False,In person,McBurney Disability Resource Center,,"Disability Cultural Center, 702 W. Johnson St.",702 W. Johnson St.,702 West Johnson Street,43.07235393005751,-89.39791917800903,student life,,2025-12-11T10:55:03.000-06:00,"Join us for bracelet-making and conversations about disability, sexual citizenship, and violence prevention."
207457,Pathway to Teaching,A Day in the Life,2025-03-20T18:00:00-05:00,2025-03-20T19:00:00-05:00,2025-03-20,Thursday,18,60.0,False,In person,,,"Wisconsin Idea Room (Room 159), Education Building",Education Building,1000 Bascom Mall,43.075747811368835,-89.40228182049746,student life,https://uwmadison.co1.qualtrics.com/jfe/form/SV_86UzdtIkEKOkqhM,2025-03-11T09:10:03.000-05:00,"Join us for our last Pathway to Teaching event of the school year! Join the Mary T. Kellner Teacher Education Center on Thursday, March 20, from 6-7pm in the Education Building (room 159) to learn more about what a day in the life of a teacher education student looks like.  Through hands-on activities with program leads and testimonials from current students, this event will give you a glimpse into what to expect once you start your teacher education program."
203318,Disability Cultural Center (DCC) Crafternoon,,2025-03-21T14:00:00-05:00,2025-03-21T16:00:00-05:00,2025-03-21,Friday,14,120.0,False,In person,McBurney Disability Resource Center,,"Disability Cultural Center, 702 W. Johnson St.",702 W. Johnson St.,702 West Johnson Street,43.07235393005751,-89.39791917800903,student life,,2025-12-11T10:55:03.000-06:00,"Crafternoon is a weekly drop-in event open to all. Come craft with us! Supplies and inspiration provided, or bring your own projects. If you have questions or access requests, please contact Helen Rottier ([email removed])."
207821,Travel Gear Drive,March 31-April 11,2025-03-31T00:00:00-05:00,,2025-03-31,Monday,0,,True,In person,International Academic Programs,,"Office of Fraternity &amp; Sorority Life, 432 East Campus Mall",432 East Campus Mall,432 East Campus Mall,43.074410931661596,-89.3992914044117,student life,https://studyabroad.wisc.edu/,2025-03-19T10:47:14.000-05:00,"Bring your new or gently used travel items to a drop-off location around campus. Items will support study abroad students in need!⁠

Accepted Items: ⁠
-Luggage: carry-on or larger suitcases, backpacks, duffle bags
-Adapters/Converters⁠
-Money belts⁠
-Packing cubes⁠
-Toiletry bags in clean condition
-Travel size reusable shampoo/conditioner containers (new only)⁠

Drop-off Locations:
-Red bins in Witte, Sellery, Smith, Ogg, &amp; Dejope Halls
-Fraternity &amp; Sorority Life Office, 432 East Campus Mall"
205858,Python 1: Foundational Python for Beginners,Software Training for Students (STS),2025-03-31T17:30:00-05:00,2025-03-31T19:00:00-05:00,2025-03-31,Monday,17,90.0,False,In person,Software Training for Students (STS),Free,2257 College Library,,,,,student life,https://sts.doit.wisc.edu/workshop/python-1-foundational-python-for-beginners-11/,2025-02-03T16:59:06.000-06:00,"Python is a powerful, cross-platform, easy-to-use programming language. The use of high-level syntax and typeless data makes it especially beginner-friendly and its interpreter makes troubleshooting and debugging a breeze. This class offers an introduction to Python.

Software Training for Students (STS) offers free technology classes for students. If you are a student and would like to attend this class, please enroll via the STS website (sts.doit.wisc.edu)."
208105,Travel Gear Drive,March 31-April 11,2025-04-01T00:00:00-05:00,,2025-04-01,Tuesday,0,,True,In person,International Academic Programs,,"Office of Fraternity &amp; Sorority Life, 432 East Campus Mall",432 East Campus Mall,432 East Campus Mall,43.074410931661596,-89.3992914044117,student life,https://studyabroad.wisc.edu/,2025-03-25T14:41:03.000-05:00,"Bring your new or gently used travel items to a drop-off location around campus. Items will support study abroad students in need!⁠

Accepted Items: ⁠
-Luggage: carry-on or larger suitcases, backpacks, duffle bags
-Adapters/Converters⁠
-Money belts⁠
-Packing cubes⁠
-Toiletry bags in clean condition
-Travel size reusable shampoo/conditioner containers (new only)⁠

Drop-off Locations:
-Red bins in Witte, Sellery, Smith, Ogg, &amp; Dejope Halls
-Fraternity &amp; Sorority Life Office, 432 East Campus Mall"
208125,Weird Science Fair @ the BioCommons,Take a study break that feeds you and your brain: the first ever Weird Science Fair at Steenbock Library!,2025-04-01T00:00:00-05:00,,2025-04-01,Tuesday,0,,True,In person,Steenbock Library,,"BioCommons 110A, Steenbock Library",Steenbock Library,550 Babcock Dr.,43.07611022967858,-89.41336793404993,student life,https://www.library.wisc.edu/steenbock/2025/03/17/weird-science-fair-at-steenbock-library/,2025-03-31T08:54:21.000-05:00,"Open to all of campus. Drop in for an afternoon of fun facts, science crafts, and treats! We will be serving free pizza, color-changing lemonade and weird candy. Learn about local research and do hands-on science activities offered by the libraries and campus partners."
207691,University Veteran Services Satellite Advising Hours at Dejope,Connect with us at Dejope!,2025-04-01T13:00:00-05:00,2025-04-01T15:00:00-05:00,2025-04-01,Tuesday,13,120.0,False,In person,University Veteran Services,,1130 Dejope Residence Hall,Dejope Residence Hall,640 Elm Drive,43.07775001972469,-89.41776736230737,student life,,2025-03-14T15:40:44.000-05:00,"University Veteran Services (UVS) is hosting drop-in office hours for military-connected students at Dejope Residence Hall! This is a great opportunity to connect with a member of our staff face-to-face to talk education benefits, active duty orders, any other questions, or just to check in and say hello between classes. Military-connected students in all majors on campus are welcome. Please contact [email removed] with questions."
208106,Travel Gear Drive,March 31-April 11,2025-04-02T00:00:00-05:00,,2025-04-02,Wednesday,0,,True,In person,International Academic Programs,,"Office of Fraternity &amp; Sorority Life, 432 East Campus Mall",432 East Campus Mall,432 East Campus Mall,43.074410931661596,-89.3992914044117,student life,https://studyabroad.wisc.edu/,2025-03-25T14:41:04.000-05:00,"Bring your new or gently used travel items to a drop-off location around campus. Items will support study abroad students in need!⁠

Accepted Items: ⁠
-Luggage: carry-on or larger suitcases, backpacks, duffle bags
-Adapters/Converters⁠
-Money belts⁠
-Packing cubes⁠
-Toiletry bags in clean condition
-Travel size reusable shampoo/conditioner containers (new only)⁠

Drop-off Locations:
-Red bins in Witte, Sellery, Smith, Ogg, &amp; Dejope Halls
-Fraternity &amp; Sorority Life Office, 432 East Campus Mall"
208107,Travel Gear Drive,March 31-April 11,2025-04-03T00:00:00-05:00,,2025-04-03,Thursday,0,,True,In person,International Academic Programs,,"Office of Fraternity &amp; Sorority Life, 432 East Campus Mall",432 East Campus Mall,432 East Campus Mall,43.074410931661596,-89.3992914044117,student life,https://studyabroad.wisc.edu/,2025-03-25T14:41:04.000-05:00,"Bring your new or gently used travel items to a drop-off location around campus. Items will support study abroad students in need!⁠

Accepted Items: ⁠
-Luggage: carry-on or larger suitcases, backpacks, duffle bags
-Adapters/Converters⁠
-Money belts⁠
-Packing cubes⁠
-Toiletry bags in clean condition
-Travel size reusable shampoo/conditioner containers (new only)⁠

Drop-off Locations:
-Red bins in Witte, Sellery, Smith, Ogg, &amp; Dejope Halls
-Fraternity &amp; Sorority Life Office, 432 East Campus Mall"
207552,Month of the Military Kid Letter Writing Campaign,Celebrate Month of the Military Kid by writing to a military kid.,2025-04-03T12:00:00-05:00,2025-04-03T16:00:00-05:00,2025-04-03,Thursday,12,240.0,False,In person,University Veteran Services,,"10320 (10th floor), 333 East Campus Mall",333 East Campus Mall,333 East Campus Mall,43.07238842928146,-89.39873499064846,student life,,2025-03-12T11:52:17.000-05:00,"UVS invites you to write a postcard to current Wisconsin Military Children. These cards will be distributed over the summer months during Child and Youth Programming hosted by the Wisconsin Army National Guard. We will have custom postcards and writing materials available all afternoon, so swing by when you have the time to write a postcard or two!"
197362,"OPT ""Ask Me Anything"" Session",Advising Workshop: hosted by International Student Services (ISS),2025-04-03T16:30:00-05:00,2025-04-03T17:30:00-05:00,2025-04-03,Thursday,16,60.0,False,Virtual,International Student Services,,Online,,,,,student life,,2025-01-10T10:55:23.000-06:00,"You have questions, and we have answers! Join ISS Advisors for the “Ask Me Anything” series, where you get answers to YOUR questions about OPT. This series will provide resources and information to quick questions you may have.
Come prepared to ask questions! If you have a more complex question, you may be redirected to drop-in advising or encouraged to make an appointment with your advisor."
208108,Travel Gear Drive,March 31-April 11,2025-04-04T00:00:00-05:00,,2025-04-04,Friday,0,,True,In person,International Academic Programs,,"Office of Fraternity &amp; Sorority Life, 432 East Campus Mall",432 East Campus Mall,432 East Campus Mall,43.074410931661596,-89.3992914044117,student life,https://studyabroad.wisc.edu/,2025-03-25T14:41:05.000-05:00,"Bring your new or gently used travel items to a drop-off location around campus. Items will support study abroad students in need!⁠

Accepted Items: ⁠
-Luggage: carry-on or larger suitcases, backpacks, duffle bags
-Adapters/Converters⁠
-Money belts⁠
-Packing cubes⁠
-Toiletry bags in clean condition
-Travel size reusable shampoo/conditioner containers (new only)⁠

Drop-off Locations:
-Red bins in Witte, Sellery, Smith, Ogg, &amp; Dejope Halls
-Fraternity &amp; Sorority Life Office, 432 East Campus Mall"
208218,"""The Hidden Side of the Coin: Turkish in the Context of Community-Based Heritage Language Education”","by EMRE MURAT BOZER, Second Language Acquisition, College of Letters & Science",2025-04-04T13:00:00-05:00,2025-04-04T14:00:00-05:00,2025-04-04,Friday,13,60.0,False,Hybrid,,Free and open to the public,"TBA, Memorial Union",Memorial Union,800 Langdon St.,43.076421006278224,-89.39991444943722,student life,,2025-03-31T08:55:10.000-05:00,"About the Talk: This talk explores the challenges and opportunities of teaching Turkish as a heritage language in community settings. It will shed light on the unseen factors shaping language preservation, identity, and education by providing relevant examples.
About the Speaker: Emre Murat Bozer is PhD Candidate at the University of Wisconsin’s Second Language Acquisition doctoral program."
203319,Disability Cultural Center (DCC) Crafternoon,,2025-04-04T14:00:00-05:00,2025-04-04T16:00:00-05:00,2025-04-04,Friday,14,120.0,False,In person,McBurney Disability Resource Center,,"Disability Cultural Center, 702 W. Johnson St.",702 W. Johnson St.,702 West Johnson Street,43.07235393005751,-89.39791917800903,student life,,2025-12-11T10:55:03.000-06:00,"Crafternoon is a weekly drop-in event open to all. Come craft with us! Supplies and inspiration provided, or bring your own projects. If you have questions or access requests, please contact Helen Rottier ([email removed])."
208109,Travel Gear Drive,March 31-April 11,2025-04-05T00:00:00-05:00,,2025-04-05,Saturday,0,,True,In person,International Academic Programs,,"Office of Fraternity &amp; Sorority Life, 432 East Campus Mall",432 East Campus Mall,432 East Campus Mall,43.074410931661596,-89.3992914044117,student life,https://studyabroad.wisc.edu/,2025-03-25T14:41:06.000-05:00,"Bring your new or gently used travel items to a drop-off location around campus. Items will support study abroad students in need!⁠

Accepted Items: ⁠
-Luggage: carry-on or larger suitcases, backpacks, duffle bags
-Adapters/Converters⁠
-Money belts⁠
-Packing cubes⁠
-Toiletry bags in clean condition
-Travel size reusable shampoo/conditioner containers (new only)⁠

Drop-off Locations:
-Red bins in Witte, Sellery, Smith, Ogg, &amp; Dejope Halls
-Fraternity &amp; Sorority Life Office, 432 East Campus Mall"
208110,Travel Gear Drive,March 31-April 11,2025-04-06T00:00:00-05:00,,2025-04-06,Sunday,0,,True,In person,International Academic Programs,,"Office of Fraternity &amp; Sorority Life, 432 East Campus Mall",432 East Campus Mall,432 East Campus Mall,43.074410931661596,-89.3992914044117,student life,https://studyabroad.wisc.edu/,2025-03-25T14:41:07.000-05:00,"Bring your new or gently used travel items to a drop-off location around campus. Items will support study abroad students in need!⁠

Accepted Items: ⁠
-Luggage: carry-on or larger suitcases, backpacks, duffle bags
-Adapters/Converters⁠
-Money belts⁠
-Packing cubes⁠
-Toiletry bags in clean condition
-Travel size reusable shampoo/conditioner containers (new only)⁠

Drop-off Locations:
-Red bins in Witte, Sellery, Smith, Ogg, &amp; Dejope Halls
-Fraternity &amp; Sorority Life Office, 432 East Campus Mall"
208111,Travel Gear Drive,March 31-April 11,2025-04-07T00:00:00-05:00,,2025-04-07,Monday,0,,True,In person,International Academic Programs,,"Office of Fraternity &amp; Sorority Life, 432 East Campus Mall",432 East Campus Mall,432 East Campus Mall,43.074410931661596,-89.3992914044117,student life,https://studyabroad.wisc.edu/,2025-03-25T14:41:25.000-05:00,"Bring your new or gently used travel items to a drop-off location around campus. Items will support study abroad students in need!⁠

Accepted Items: ⁠
-Luggage: carry-on or larger suitcases, backpacks, duffle bags
-Adapters/Converters⁠
-Money belts⁠
-Packing cubes⁠
-Toiletry bags in clean condition
-Travel size reusable shampoo/conditioner containers (new only)⁠

Drop-off Locations:
-Red bins in Witte, Sellery, Smith, Ogg, &amp; Dejope Halls
-Fraternity &amp; Sorority Life Office, 432 East Campus Mall"
197363,"Transfer and Change of Education Level ""Ask Me Anything"" Session",Advising Workshop: hosted by International Student Services (ISS),2025-04-07T16:30:00-05:00,2025-04-07T17:30:00-05:00,2025-04-07,Monday,16,60.0,False,Virtual,International Student Services,,Online,,,,,student life,,2025-01-10T11:04:06.000-06:00,"Virtual session to ask ISS Advisors any questions that you have about Transferring or Changing Education Level.

We encourage you to watch the recording of the Program Completion workshop (from Feb 11, 2025) on the Kaltura website. Come ready with your questions!"
208112,Travel Gear Drive,March 31-April 11,2025-04-08T00:00:00-05:00,,2025-04-08,Tuesday,0,,True,In person,International Academic Programs,,"Office of Fraternity &amp; Sorority Life, 432 East Campus Mall",432 East Campus Mall,432 East Campus Mall,43.074410931661596,-89.3992914044117,student life,https://studyabroad.wisc.edu/,2025-03-25T14:41:26.000-05:00,"Bring your new or gently used travel items to a drop-off location around campus. Items will support study abroad students in need!⁠

Accepted Items: ⁠
-Luggage: carry-on or larger suitcases, backpacks, duffle bags
-Adapters/Converters⁠
-Money belts⁠
-Packing cubes⁠
-Toiletry bags in clean condition
-Travel size reusable shampoo/conditioner containers (new only)⁠

Drop-off Locations:
-Red bins in Witte, Sellery, Smith, Ogg, &amp; Dejope Halls
-Fraternity &amp; Sorority Life Office, 432 East Campus Mall"
207692,University Veteran Services Satellite Advising Hours at Dejope,Connect with us at Dejope!,2025-04-08T13:00:00-05:00,2025-04-08T15:00:00-05:00,2025-04-08,Tuesday,13,120.0,False,In person,University Veteran Services,,1130 Dejope Residence Hall,Dejope Residence Hall,640 Elm Drive,43.07775001972469,-89.41776736230737,student life,,2025-04-02T10:43:43.000-05:00,"University Veteran Services (UVS) is hosting drop-in office hours for military-connected students at Dejope Residence Hall with CCAS! This is a great opportunity to connect with a member of our staff face-to-face to talk education benefits, active duty orders, any other questions, or just to check in and say hello between classes. Military-connected students in all majors on campus are welcome. Please contact [email removed] with questions."
203292,Thrive Workshop,How Procrastination Actually Works,2025-04-08T15:30:00-05:00,2025-04-08T16:30:00-05:00,2025-04-08,Tuesday,15,60.0,False,Virtual,University Health Services,,Online,,,,,student life,,2024-12-13T10:17:54.000-06:00,
208113,Travel Gear Drive,March 31-April 11,2025-04-09T00:00:00-05:00,,2025-04-09,Wednesday,0,,True,In person,International Academic Programs,,"Office of Fraternity &amp; Sorority Life, 432 East Campus Mall",432 East Campus Mall,432 East Campus Mall,43.074410931661596,-89.3992914044117,student life,https://studyabroad.wisc.edu/,2025-03-25T14:41:27.000-05:00,"Bring your new or gently used travel items to a drop-off location around campus. Items will support study abroad students in need!⁠

Accepted Items: ⁠
-Luggage: carry-on or larger suitcases, backpacks, duffle bags
-Adapters/Converters⁠
-Money belts⁠
-Packing cubes⁠
-Toiletry bags in clean condition
-Travel size reusable shampoo/conditioner containers (new only)⁠

Drop-off Locations:
-Red bins in Witte, Sellery, Smith, Ogg, &amp; Dejope Halls
-Fraternity &amp; Sorority Life Office, 432 East Campus Mall"
207556,Month of the Military Kid Ice Cream Social,Celebrate Month of the Military Kid with University Veteran Services!,2025-04-09T14:00:00-05:00,2025-04-09T16:00:00-05:00,2025-04-09,Wednesday,14,120.0,False,In person,University Veteran Services,,"Old Madison, Memorial Union",Memorial Union,800 Langdon St.,43.076421006278224,-89.39991444943722,student life,,2025-03-18T10:39:35.000-05:00,"Come enjoy free Babcock Dairy ice cream at our Month of the Military Kid Ice Cream Social! This event features a sundae bar with toppings like hot fudge, sprinkles, and more. Stay awhile and chat or grab a sundae to go! This event celebrates military-connected students who are children of veterans and service members. Show your support of military kids and come celebrate with us!"
207104,Friends of UW-Madison Libraries Spring Book Sale,Wednesday Presale: $5 entry fee,2025-04-09T16:00:00-05:00,2025-04-09T20:00:00-05:00,2025-04-09,Wednesday,16,240.0,False,In person,,$5 Admission for Preview Sale on Wednesday Only,116 Memorial Library,Memorial Library,728 State St.,43.075361560608634,-89.3979786545855,student life,https://www.library.wisc.edu/friends/book-donations-semiannual-sale/book-sale/,2025-03-03T09:01:13.000-06:00,"Thousands of books at unbelievably low prices! Prices drop daily.
Come early for the best selection; come later for the best deals!"
201547,Global Café,hosted by International Student Services (ISS),2025-04-09T16:30:00-05:00,2025-04-09T18:00:00-05:00,2025-04-09,Wednesday,16,90.0,False,In person,International Student Services,,"International Community Center (Suite 130), Pyle Center",Pyle Center,702 Langdon St.,43.076272112872935,-89.39778056817491,student life,https://iss.wisc.edu/get-involved/global-cafe/,2024-10-16T14:16:30.000-05:00,"Global Café is a biweekly event hosted by a different student organization each time. It is the perfect place to learn about new cultures while meeting other international and U.S. students. Each café will have a unique theme and activity which could include playing games, engaging in conversations, and much more! 

An RSVP on WIN is required to eat!"
208115,Travel Gear Drive,March 31-April 11,2025-04-10T00:00:00-05:00,,2025-04-10,Thursday,0,,True,In person,International Academic Programs,,"Office of Fraternity &amp; Sorority Life, 432 East Campus Mall",432 East Campus Mall,432 East Campus Mall,43.074410931661596,-89.3992914044117,student life,https://studyabroad.wisc.edu/,2025-03-25T14:41:29.000-05:00,"Bring your new or gently used travel items to a drop-off location around campus. Items will support study abroad students in need!⁠

Accepted Items: ⁠
-Luggage: carry-on or larger suitcases, backpacks, duffle bags
-Adapters/Converters⁠
-Money belts⁠
-Packing cubes⁠
-Toiletry bags in clean condition
-Travel size reusable shampoo/conditioner containers (new only)⁠

Drop-off Locations:
-Red bins in Witte, Sellery, Smith, Ogg, &amp; Dejope Halls
-Fraternity &amp; Sorority Life Office, 432 East Campus Mall"
207105,Friends of UW-Madison Libraries Spring Book Sale,Regular Book Sale,2025-04-10T10:30:00-05:00,2025-04-10T19:00:00-05:00,2025-04-10,Thursday,10,510.0,False,In person,,$5 Admission for Preview Sale on Wednesday Only,116 Memorial Library,Memorial Library,728 State St.,43.075361560608634,-89.3979786545855,student life,https://www.library.wisc.edu/friends/book-donations-semiannual-sale/book-sale/,2025-03-03T09:01:13.000-06:00,"Thousands of books at unbelievably low prices! Prices drop daily.
Come early for the best selection; come later for the best deals!"
208114,Travel Gear Drive,March 31-April 11,2025-04-11T00:00:00-05:00,,2025-04-11,Friday,0,,True,In person,International Academic Programs,,"Office of Fraternity &amp; Sorority Life, 432 East Campus Mall",432 East Campus Mall,432 East Campus Mall,43.074410931661596,-89.3992914044117,student life,https://studyabroad.wisc.edu/,2025-03-25T14:41:28.000-05:00,"Bring your new or gently used travel items to a drop-off location around campus. Items will support study abroad students in need!⁠

Accepted Items: ⁠
-Luggage: carry-on or larger suitcases, backpacks, duffle bags
-Adapters/Converters⁠
-Money belts⁠
-Packing cubes⁠
-Toiletry bags in clean condition
-Travel size reusable shampoo/conditioner containers (new only)⁠

Drop-off Locations:
-Red bins in Witte, Sellery, Smith, Ogg, &amp; Dejope Halls
-Fraternity &amp; Sorority Life Office, 432 East Campus Mall"
207106,Friends of UW-Madison Libraries Spring Book Sale,Regular Book Sale,2025-04-11T10:30:00-05:00,2025-04-11T19:00:00-05:00,2025-04-11,Friday,10,510.0,False,In person,,$5 Admission for Preview Sale on Wednesday Only,116 Memorial Library,Memorial Library,728 State St.,43.075361560608634,-89.3979786545855,student life,https://www.library.wisc.edu/friends/book-donations-semiannual-sale/book-sale/,2025-03-03T09:01:13.000-06:00,"Thousands of books at unbelievably low prices! Prices drop daily.
Come early for the best selection; come later for the best deals!"
207553,Month of the Military Kid Letter Writing Campaign,Celebrate Month of the Military Kid by writing to a military kid.,2025-04-11T12:00:00-05:00,2025-04-11T16:00:00-05:00,2025-04-11,Friday,12,240.0,False,In person,University Veteran Services,,"10320 (10th floor), 333 East Campus Mall",333 East Campus Mall,333 East Campus Mall,43.07238842928146,-89.39873499064846,student life,,2025-03-12T11:52:39.000-05:00,"UVS invites you to write a postcard to current Wisconsin Military Children. These cards will be distributed over the summer months during Child and Youth Programming hosted by the Wisconsin Army National Guard. We will have custom postcards and writing materials available all afternoon, so swing by when you have the time to write a postcard or two!"
203320,Disability Cultural Center (DCC) Crafternoon,,2025-04-11T14:00:00-05:00,2025-04-11T16:00:00-05:00,2025-04-11,Friday,14,120.0,False,In person,McBurney Disability Resource Center,,"Disability Cultural Center, 702 W. Johnson St.",702 W. Johnson St.,702 West Johnson Street,43.07235393005751,-89.39791917800903,student life,,2025-12-11T10:55:03.000-06:00,"Crafternoon is a weekly drop-in event open to all. Come craft with us! Supplies and inspiration provided, or bring your own projects. If you have questions or access requests, please contact Helen Rottier ([email removed])."
206237,"WACM Coffee, Cookies, & Conversations",,2025-04-11T16:00:00-05:00,2025-04-11T17:00:00-05:00,2025-04-11,Friday,16,60.0,False,In person,,,4310 Computer Sciences,Computer Sciences,1210 W. Dayton St.,43.07147417619353,-89.40672926189517,student life,,2025-02-13T07:52:44.000-06:00,"WACM (ACM-W) welcomes all female and nonbinary CS graduate students for free coffee and cookies. Stop by to chat, tell stories, and get your grad school questions answered. 

This is a recurring event every other week until the end of April."
208503,WBSU State of the Union,,2025-04-11T16:30:00-05:00,2025-04-11T18:30:00-05:00,2025-04-11,Friday,16,120.0,False,In person,,,"First Floor Classrooms, Sellery Residence Hall",Sellery Residence Hall,821 W. Johnson St.,43.07164463190376,-89.40000895469616,student life,https://www.instagram.com/p/DIKu2zbtyER/,2025-04-08T14:47:41.000-05:00,"This event is a space for reflection, connection, and open dialogue on the experiences and future of Black students on campus."
206875,Art Bingo Night!,Mark your card and win prizes as we play rounds of traditional bingo and Chazen art bingo featuring works that are on view in the museum!,2025-04-11T17:00:00-05:00,2025-04-11T18:30:00-05:00,2025-04-11,Friday,17,90.0,False,In person,Chazen Museum of Art,,Chazen Museum of Art,Chazen Museum of Art,750 University Ave,43.073880287326794,-89.39869345930676,student life,https://www.eventbrite.com/e/art-bingo-night-tickets-1228715143069?aff=WEev022525,2025-03-10T14:49:19.000-05:00,"Start your weekend with Art Bingo! Mark your card and win prizes as we play rounds of traditional bingo and Chazen art bingo featuring works that are on view in the museum.

This event is free and open to the public. Food and drink are available for purchase at the Chazen Café. 

Generous support for this event is provided by Art Bridges Foundation’s Access for All program.

Space is limited, registration is encouraged but not required to attend."
207107,Friends of UW-Madison Libraries Spring Book Sale,$5-a-Bag Sale!,2025-04-12T09:00:00-05:00,2025-04-12T13:00:00-05:00,2025-04-12,Saturday,9,240.0,False,In person,,$5 Admission for Preview Sale on Wednesday Only,116 Memorial Library,Memorial Library,728 State St.,43.075361560608634,-89.3979786545855,student life,https://www.library.wisc.edu/friends/book-donations-semiannual-sale/book-sale/,2025-03-03T09:01:13.000-06:00,"Bring your own grocery bag or purchase one for $1 - then fill it with books for $5!
From 1:05-2:00 p.m. all remaining items are FREE"
205743,University Veteran Services Satellite Office Hours,Connect with us at Nursing!,2025-04-14T11:30:00-05:00,2025-04-14T13:30:00-05:00,2025-04-14,Monday,11,120.0,False,In person,University Veteran Services,,"Atrium, Signe Skott Cooper Hall",Signe Skott Cooper Hall,701 Highland Ave,43.07752145214933,-89.42805964352885,student life,,2025-01-31T14:38:25.000-06:00,"University Veteran Services (UVS) is hosting drop-in office hours for military-connected students at Signe Skott Cooper Hall in the Atrium! This is a great opportunity to connect with a member of our staff face-to-face to talk education benefits, active duty orders, any other questions, or just to check in and say hello between classes. Military-connected students in all majors on campus are welcome. Please contact [email removed] with questions."
207780,Month of the Military Kid Purple Up Day Cupcakes & Map Display,Celebrate Purple Up Day with University Veteran Services!,2025-04-15T10:00:00-05:00,2025-04-15T15:00:00-05:00,2025-04-15,Tuesday,10,300.0,False,In person,University Veteran Services,,"10320 (10th floor), 333 East Campus Mall",333 East Campus Mall,333 East Campus Mall,43.07238842928146,-89.39873499064846,student life,,2025-03-18T12:05:02.000-05:00,"Purple Up Day is a day to recognize and honor military children, their stories, and their resilience. Come celebrate military kids by wearing purple, grabbing a cupcake, and scrolling through the Military Kid Mapping Project. The Military Kid Mapping Project is a brand new project started by UVS this year to explore the many places military kids have called home. Scroll through the map and view their stories. Cupcakes are first come, first serve!"
207693,University Veteran Services Satellite Advising Hours at Dejope,Connect with us at Dejope!,2025-04-15T13:00:00-05:00,2025-04-15T15:00:00-05:00,2025-04-15,Tuesday,13,120.0,False,In person,University Veteran Services,,1130 Dejope Residence Hall,Dejope Residence Hall,640 Elm Drive,43.07775001972469,-89.41776736230737,student life,,2025-04-02T10:44:00.000-05:00,"University Veteran Services (UVS) is hosting drop-in office hours for military-connected students at Dejope Residence Hall with CCAS! This is a great opportunity to connect with a member of our staff face-to-face to talk education benefits, active duty orders, any other questions, or just to check in and say hello between classes. Military-connected students in all majors on campus are welcome. Please contact [email removed] with questions."
205625,"Intern and Study in Washington, DC",Info Session with Coffee & Donuts!,2025-04-16T10:00:00-05:00,2025-04-16T11:00:00-05:00,2025-04-16,Wednesday,10,60.0,False,In person,International Academic Programs,,Study Abroad Resource Center (3rd Floor Red Gym),,,,,student life,https://studyabroad.wisc.edu/uwindc/,2025-01-30T14:15:13.000-06:00,"Meet advisors &amp; returned students of the Wisconsin in Washington program to learn how YOU can jump start your career by:

- interning in Washington, DC
- completing classwork in domestic &amp; international issues that complement &amp; enhance your internship experience
- connecting with UW alumni &amp; professionals in your field

**FREE iced coffee and donuts for attendees**

Register to claim your sweet treat:  bit.ly/WiW-April"
207554,Month of the Military Kid Letter Writing Campaign,Celebrate Month of the Military Kid by writing to a military kid.,2025-04-16T12:00:00-05:00,2025-04-16T16:00:00-05:00,2025-04-16,Wednesday,12,240.0,False,In person,University Veteran Services,,"10320 (10th floor), 333 East Campus Mall",333 East Campus Mall,333 East Campus Mall,43.07238842928146,-89.39873499064846,student life,,2025-03-12T11:52:57.000-05:00,"UVS invites you to write a postcard to current Wisconsin Military Children. These cards will be distributed over the summer months during Child and Youth Programming hosted by the Wisconsin Army National Guard. We will have custom postcards and writing materials available all afternoon, so swing by when you have the time to write a postcard or two!"
208533,Peace Corps Recruiting Office,Simple Bookbinding Workshop with the Campus Peace Corps Recruiter,2025-04-16T13:00:00-05:00,2025-04-16T15:30:00-05:00,2025-04-16,Wednesday,13,150.0,False,In person,,,"TBD Meeting Room, Memorial Union",Memorial Union,800 Langdon St.,43.076421006278224,-89.39991444943722,student life,,2025-04-10T11:28:03.000-05:00,"Drop in and learn how to create a beautiful handmade blank book to use for writing notes or drawing.  We'll be upcycling calendar pages as covers for these pamphlet bound books, using readily available tools and materials.  It takes less than twenty minutes to make one, so stop by for a study break and leave with a new skill and blank book.

For those of you who are interested in joining the Peace Corps, this project is easily adapted to sharing with your community when you are a volunteer."
205870,Python 2: Boosting Python With Objective Oriented Programming Methods,Software Training for Students (STS),2025-04-16T17:30:00-05:00,2025-04-16T19:30:00-05:00,2025-04-16,Wednesday,17,120.0,False,In person,Software Training for Students (STS),Free,2257 College Library,,,,,student life,https://sts.doit.wisc.edu/workshop/python-2-boosting-python-with-objective-oriented-programming-methods-2/,2025-02-03T17:14:53.000-06:00,"This course is designed to help teach Object Oriented Programming and its corresponding syntax in Python. This course assumes you have a basic understanding of procedural programming in Python as taught in the preceding course.

Software Training for Students (STS) offers free technology classes for students. If you are a student and would like to attend this class, please enroll via the STS website (sts.doit.wisc.edu)."
206613,"Wisconsin in Washington, DC Internship Program",Drop-in Advising,2025-04-17T09:00:00-05:00,2025-04-17T11:00:00-05:00,2025-04-17,Thursday,9,120.0,False,In person,International Academic Programs,,Study Abroad Resource Center (3rd Floor Red Gym),,,,,student life,https://studyabroad.wisc.edu/uwindc/,2025-02-28T12:26:05.000-06:00,"Meet with Lucas Young, an advisor with the Wisconsin in Washington program, to learn how YOU can jump start your career by:

&gt; interning in Washington, DC
&gt; completing classwork in domestic &amp; international issues that complement &amp; enhance your internship experience
&gt; taking a course from our Ambassador in Residence
&gt; connecting with UW alumni &amp; professionals in your field"
206614,"Wisconsin in Washington, DC Internship Program",Drop-in Advising,2025-04-18T13:00:00-05:00,2025-04-18T15:00:00-05:00,2025-04-18,Friday,13,120.0,False,In person,International Academic Programs,,Study Abroad Resource Center (3rd Floor Red Gym),,,,,student life,https://studyabroad.wisc.edu/uwindc/,2025-04-01T09:14:07.000-05:00,"Meet with Lucas Young, an advisor with the Wisconsin in Washington program, to learn how YOU can jump start your career by:

&gt; interning in Washington, DC
&gt; completing classwork in domestic &amp; international issues that complement &amp; enhance your internship experience
&gt; taking a course from our Ambassador in Residence
&gt; connecting with UW alumni &amp; professionals in your field"
203321,Disability Cultural Center (DCC) Crafternoon,,2025-04-18T14:00:00-05:00,2025-04-18T16:00:00-05:00,2025-04-18,Friday,14,120.0,False,In person,McBurney Disability Resource Center,,"Disability Cultural Center, 702 W. Johnson St.",702 W. Johnson St.,702 West Johnson Street,43.07235393005751,-89.39791917800903,student life,,2025-12-11T10:55:03.000-06:00,"Crafternoon is a weekly drop-in event open to all. Come craft with us! Supplies and inspiration provided, or bring your own projects. If you have questions or access requests, please contact Helen Rottier ([email removed])."
208504,WBSU Ebony Ball,,2025-04-18T18:00:00-05:00,2025-04-18T21:00:00-05:00,2025-04-18,Friday,18,180.0,False,In person,,,Overture Center for Arts,,,,,student life,https://www.instagram.com/p/DHwrx5Dy9Dk/,2025-04-08T14:48:47.000-05:00,"Ebony Ball is one of our most anticipated annual events. It is a formal evening of celebration where we highlight student achievements, honor members of our community, and crown this year’s Ebony Ball Court."
207694,University Veteran Services Satellite Advising Hours at Dejope,Connect with us at Dejope!,2025-04-22T13:00:00-05:00,2025-04-22T15:00:00-05:00,2025-04-22,Tuesday,13,120.0,False,In person,University Veteran Services,,1130 Dejope Residence Hall,Dejope Residence Hall,640 Elm Drive,43.07775001972469,-89.41776736230737,student life,,2025-04-02T10:44:13.000-05:00,"University Veteran Services (UVS) is hosting drop-in office hours for military-connected students at Dejope Residence Hall with CCAS! This is a great opportunity to connect with a member of our staff face-to-face to talk education benefits, active duty orders, any other questions, or just to check in and say hello between classes. Military-connected students in all majors on campus are welcome. Please contact [email removed] with questions."
201548,Global Café,hosted by International Student Services (ISS),2025-04-23T16:30:00-05:00,2025-04-23T18:00:00-05:00,2025-04-23,Wednesday,16,90.0,False,In person,International Student Services,,"International Community Center (Suite 130), Pyle Center",Pyle Center,702 Langdon St.,43.076272112872935,-89.39778056817491,student life,https://iss.wisc.edu/get-involved/global-cafe/,2024-10-16T14:16:33.000-05:00,"Global Café is a biweekly event hosted by a different student organization each time. It is the perfect place to learn about new cultures while meeting other international and U.S. students. Each café will have a unique theme and activity which could include playing games, engaging in conversations, and much more! 

An RSVP on WIN is required to eat!"
208712,Community Engagement at Home and Abroad,,2025-04-23T17:30:00-05:00,,2025-04-23,Wednesday,17,,False,In person,Morgridge Center for Public Service,,260 Bascom Hall,Bascom Hall,500 Lincoln Dr.,43.07534639770641,-89.40433580443906,student life,https://uwmadison.givepulse.com/event/594610-Community-Engagement-at-Home-and-Abroad,2025-08-06T10:18:13.000-05:00,"Join us for an inspiring conversation with two passionate student activists creating change both locally and globally. Kristhel, a Sophomore King-Morgridge Scholar and CEE Intern, has been advocating for children’s and women’s rights since age 13 and co-founded a national youth-led advocacy coalition in Ecuador. Angeline Morgado, a Freshman King-Morgridge Scholar from Venezuela and Political Science major, champions youth engagement in public policy and the inclusion of migrant communities."
207555,Month of the Military Kid Letter Writing Campaign,Celebrate Month of the Military Kid by writing to a military kid.,2025-04-24T12:00:00-05:00,2025-04-24T16:00:00-05:00,2025-04-24,Thursday,12,240.0,False,In person,University Veteran Services,,"10320 (10th floor), 333 East Campus Mall",333 East Campus Mall,333 East Campus Mall,43.07238842928146,-89.39873499064846,student life,,2025-03-12T11:53:10.000-05:00,"UVS invites you to write a postcard to current Wisconsin Military Children. These cards will be distributed over the summer months during Child and Youth Programming hosted by the Wisconsin Army National Guard. We will have custom postcards and writing materials available all afternoon, so swing by when you have the time to write a postcard or two!"
207362,Bee House and Solar Little Free Library Grand Opening,Seed swap and make-your-own bee hotel,2025-04-24T15:00:00-05:00,2025-04-24T16:30:00-05:00,2025-04-24,Thursday,15,90.0,False,In person,Allen Centennial Garden,,Allen Centennial Garden,Allen Centennial Garden,620 Babcock Dr.,43.076803411564704,-89.41339015960692,student life,,2025-03-24T15:11:46.000-05:00,"Stop by Allen Centennial Garden to see the newly installed solar little free library and bee hotel designed and created by students in Engineers for a Sustainable World! Pick up some free seeds from the seed library, build your own miniature bee hotel to take home, enjoy tasty snacks, and learn more about the new additions to the Garden."
205875,Python 1: Foundational Python for Beginners,Software Training for Students (STS),2025-04-24T17:30:00-05:00,2025-04-24T19:00:00-05:00,2025-04-24,Thursday,17,90.0,False,In person,Software Training for Students (STS),Free,2257 College Library,,,,,student life,https://sts.doit.wisc.edu/workshop/python-1-foundational-python-for-beginners-12/,2025-02-03T17:20:26.000-06:00,"Python is a powerful, cross-platform, easy-to-use programming language. The use of high-level syntax and typeless data makes it especially beginner-friendly and its interpreter makes troubleshooting and debugging a breeze. This class offers an introduction to Python.

Software Training for Students (STS) offers free technology classes for students. If you are a student and would like to attend this class, please enroll via the STS website (sts.doit.wisc.edu)."
207948,Watts Next? A Student Roundtable on UW–Madison’s Energy Future,,2025-04-24T17:30:00-05:00,2025-04-24T19:30:00-05:00,2025-04-24,Thursday,17,120.0,False,In person,,,The Crossing,,,,,student life,https://earthfest.wisc.edu/,2025-03-31T08:57:13.000-05:00,"Join us on Thursday, April 24th, to learn about campus energy projects while enjoying a meal! Watts Next? A Student Roundtable on UW–Madison’s Energy Future will be held from 5:30 pm - 7:30 pm at The Crossing (1127 University Ave.). This event will be part of Earth Fest 2025 and hosted by the UW–Madison Office of Sustainability in collaboration with Associated Students of Madison Sustainability, Food Recovery Network, Slow Food UW, and energy-focused student organizations."
203322,Disability Cultural Center (DCC) Crafternoon,Tie-Dye Edition!,2025-04-25T14:00:00-05:00,2025-04-25T16:00:00-05:00,2025-04-25,Friday,14,120.0,False,In person,McBurney Disability Resource Center,,Library Mall,,,,,student life,,2025-12-11T10:55:03.000-06:00,"Crafternoon is a weekly drop-in event open to all. Come craft with us! Supplies and inspiration provided, or bring your own projects. If you have questions or access requests, please contact Helen Rottier ([email removed])."
208637,"Green Cities, Green Students Resource Fair",,2025-04-25T15:00:00-05:00,2025-04-25T17:00:00-05:00,2025-04-25,Friday,15,120.0,False,In person,,,280 Science Hall,Science Hall,550 N. Park St.,43.07587034344111,-89.40112082943268,student life,https://energy.wisc.edu/events/green-cities-green-students-resource-fair,2025-04-15T14:13:50.000-05:00,"Utility services like electricity, running water, and sanitation are essential to our daily lives, yet they often go overlooked. Join us for hands-on activities and an informative session that will help you better understand how these services work and how they contribute to advancing sustainability. Attendees will have access to practical kits designed to help make their living spaces more energy-efficient, saving you money while reducing your environmental impact. Food will be provided!"
206238,"WACM Coffee, Cookies, & Conversations",,2025-04-25T16:00:00-05:00,2025-04-25T17:00:00-05:00,2025-04-25,Friday,16,60.0,False,In person,,,4310 Computer Sciences,Computer Sciences,1210 W. Dayton St.,43.07147417619353,-89.40672926189517,student life,,2025-02-13T07:52:44.000-06:00,"WACM (ACM-W) welcomes all female and nonbinary CS graduate students for free coffee and cookies. Stop by to chat, tell stories, and get your grad school questions answered. 

This is a recurring event every other week until the end of April."
208152,Wisconsin Singers Auditions,"Audition NOW as a Singer, Dancer, or Instrumentalist",2025-04-26T00:00:00-05:00,,2025-04-26,Saturday,0,,True,In person,,,Memorial Union,Memorial Union,800 Langdon St.,43.076421006278224,-89.39991444943722,student life,https://www.wisconsinsingers.com/join-us,2025-03-31T08:57:16.000-05:00,"Calling all performers! Wisconsin Singers is searching for talented singers, dancers, and instrumentalists (electric guitar, keys/synth, drums, bass, and horns) to join our group next year. 

Each member of our tight-knit group comes from a variety of majors across campus, all of whom have a passion for excellence both on and off the stage. Join us and perform on the biggest stages in the Midwest! 

Auditions Dates: April 26, May 17, 18, and 25th
Go to our website to sign up and learn more!"
208767,"Design Expedition: Co-Create, Transform, Explore","Interactive design workshops, student showcases, and ideas that spark change",2025-04-28T17:00:00-05:00,2025-04-28T19:00:00-05:00,2025-04-28,Monday,17,120.0,False,Unspecified,,,,,,,,student life,https://docs.google.com/forms/d/e/1FAIpQLSe1ZL3c3gAXyXOVIsSLRqKKVZdbcSTboFzj24xmu8onpMP0hg/viewform,2025-04-28T07:55:51.000-05:00,"Join Design Interactive on Monday, April 28 from 5–7pm in the iSchool Library (Helen C. White Hall) for their end-of-semester Design Expedition! This reflective, hands-on event features mini-workshops exploring how design can create impact for people, systems, and the planet — plus student projects developed with real-world startups. Celebrate creativity and collaboration on campus. Refreshments included! RSVP using the link below!"
203293,Thrive Workshop,Test Anxiety & DIY Wellness Kits,2025-04-29T15:00:00-05:00,2025-04-29T17:00:00-05:00,2025-04-29,Tuesday,15,120.0,False,In person,University Health Services,,"1193D, College Library",,,,,student life,,2025-01-21T08:37:44.000-06:00,
207781,Month of the Military Kid: Brats for Brats,Close out Month of the Military Kid with brats for our military brats!,2025-04-30T11:00:00-05:00,2025-04-30T13:00:00-05:00,2025-04-30,Wednesday,11,120.0,False,In person,University Veteran Services,,"Multicultural Greek Council Room (4th Floor), Memorial Union",Memorial Union,800 Langdon St.,43.076421006278224,-89.39991444943722,student life,,2025-03-18T10:48:52.000-05:00,"April 30th is National Military Brats Day. Close out the Month of the Military Kid with University Veteran Services and enjoy a delicious brat in honor of all our military brats! Stay awhile and chat with other students, or grab your brat to go. Thank you for supporting, honoring, and recognizing our amazing military kids throughout this month!"
203323,Disability Cultural Center (DCC) Crafternoon,,2025-05-02T14:00:00-05:00,2025-05-02T16:00:00-05:00,2025-05-02,Friday,14,120.0,False,In person,McBurney Disability Resource Center,,"Disability Cultural Center, 702 W. Johnson St.",702 W. Johnson St.,702 West Johnson Street,43.07235393005751,-89.39791917800903,student life,,2025-12-11T10:55:03.000-06:00,"Crafternoon is a weekly drop-in event open to all. Come craft with us! Supplies and inspiration provided, or bring your own projects. If you have questions or access requests, please contact Helen Rottier ([email removed])."
204812,Military-Connected End of Semester Celebration,Join University Veteran Services to celebrate and close out the semester!,2025-05-02T16:00:00-05:00,2025-05-02T18:00:00-05:00,2025-05-02,Friday,16,120.0,False,In person,University Veteran Services,"Free, RSVP recommended","Chart Room (Lower Level), Memorial Union",Memorial Union,800 Langdon St.,43.076421006278224,-89.39991444943722,student life,https://go.wisc.edu/x3b5ph,2025-04-24T14:30:45.000-05:00,"University Veteran Services will host an evening to celebrate the end of the Spring 2025 semester and congratulate all military-connected students on their hard work this year. Attendees are invited to socialize, as well as enjoy refreshments and appetizers, starting at 4:00pm. There will be a short program in celebration of our graduates at 5pm. Family and friends are welcome! Please contact University Veteran Services with questions or requests for accommodations."
208992,Got Stress?  Take a Break with a UW Dairy Cow!,UW Finals Week Cattle Outreach Event,2025-05-05T10:00:00-05:00,2025-05-05T15:00:00-05:00,2025-05-05,Monday,10,300.0,False,In person,,Free,"Arena, Stock Pavilion",Stock Pavilion,1675 Linden Dr.,43.074836549122026,-89.4151502420585,student life,,2025-05-05T08:17:39.000-05:00,The UW Research Animal Resources and Compliance (RARC) is hosting an interactive cattle experience where attendees can interact with dairy cows and learn a bit about their behavior and use in research at UW.
208995,Got Stress?  Take a Break with a UW Dairy Cow!,UW Finals Week Cattle Outreach Event,2025-05-06T10:00:00-05:00,2025-05-06T15:00:00-05:00,2025-05-06,Tuesday,10,300.0,False,In person,,Free,"Arena, Stock Pavilion",Stock Pavilion,1675 Linden Dr.,43.074836549122026,-89.4151502420585,student life,,2025-05-05T08:17:42.000-05:00,The UW Research Animal Resources and Compliance (RARC) is hosting an interactive cattle experience where attendees can interact with dairy cows and learn a bit about their behavior and use in research at UW.
208757,DCC End-Of-Year Celebration,,2025-05-06T16:00:00-05:00,2025-05-06T18:00:00-05:00,2025-05-06,Tuesday,16,120.0,False,In person,McBurney Disability Resource Center,,"Disability Cultural Center, 702 W. Johnson St.",702 W. Johnson St.,702 West Johnson Street,43.07235393005751,-89.39791917800903,student life,,2025-12-11T10:55:03.000-06:00,"As we near the end of the semester, come to the DCC for food, friends, fun, graduation cords, and more! The End-Of-Year Celebration will be held on Tuesday, May 6, 4-6PM in the DCC. All are welcome, and you can come and go as you like. Join us to celebrate our graduating community members and revel in community! If you have any questions, dietary needs, or access requests, please email [email removed]."
206871,Jewish Community Commencement Celebration,An Annual Hillel Tradition,2025-05-09T11:00:00-05:00,,2025-05-09,Friday,11,,False,In person,,,"UW Hillel Foundation, The Barbara Hochberg Center for Jewish Student Life",,,,,student life,https://www.uwhillel.org/graduation,2025-03-03T09:01:23.000-06:00,"Join with family and friends at Hillel's Jewish Community Commencement Celebration on Friday, May 9th, 2025, from 11am-12pm at the Barbara Hochberg Center for Jewish Student Life - 611 Langdon

Take pictures with Bucky, celebrate graduation, and hear words of celebration and gratitude from staff, students and UW administrators.

Graduates are invited to arrive in their caps and gowns. They will receive a gift from Hillel as well as a cord to wear at graduation.

Complimentary brunch to follow."
208153,Wisconsin Singers Auditions,"Audition NOW as a Singer, Dancer, or Instrumentalist",2025-05-17T00:00:00-05:00,,2025-05-17,Saturday,0,,True,In person,,,Memorial Union,Memorial Union,800 Langdon St.,43.076421006278224,-89.39991444943722,student life,https://www.wisconsinsingers.com/join-us,2025-03-31T08:57:16.000-05:00,"Calling all performers! Wisconsin Singers is searching for talented singers, dancers, and instrumentalists (electric guitar, keys/synth, drums, bass, and horns) to join our group next year. 

Each member of our tight-knit group comes from a variety of majors across campus, all of whom have a passion for excellence both on and off the stage. Join us and perform on the biggest stages in the Midwest! 

Auditions Dates: April 26, May 17, 18, and 25th
Go to our website to sign up and learn more!"
208154,Wisconsin Singers Auditions,"Audition NOW as a Singer, Dancer, or Instrumentalist",2025-05-18T00:00:00-05:00,,2025-05-18,Sunday,0,,True,In person,,,Memorial Union,Memorial Union,800 Langdon St.,43.076421006278224,-89.39991444943722,student life,https://www.wisconsinsingers.com/join-us,2025-03-31T08:57:16.000-05:00,"Calling all performers! Wisconsin Singers is searching for talented singers, dancers, and instrumentalists (electric guitar, keys/synth, drums, bass, and horns) to join our group next year. 

Each member of our tight-knit group comes from a variety of majors across campus, all of whom have a passion for excellence both on and off the stage. Join us and perform on the biggest stages in the Midwest! 

Auditions Dates: April 26, May 17, 18, and 25th
Go to our website to sign up and learn more!"
208155,Wisconsin Singers Auditions,"Audition NOW as a Singer, Dancer, or Instrumentalist",2025-05-25T00:00:00-05:00,,2025-05-25,Sunday,0,,True,In person,,,Memorial Union,Memorial Union,800 Langdon St.,43.076421006278224,-89.39991444943722,student life,https://www.wisconsinsingers.com/join-us,2025-03-31T08:57:16.000-05:00,"Calling all performers! Wisconsin Singers is searching for talented singers, dancers, and instrumentalists (electric guitar, keys/synth, drums, bass, and horns) to join our group next year. 

Each member of our tight-knit group comes from a variety of majors across campus, all of whom have a passion for excellence both on and off the stage. Join us and perform on the biggest stages in the Midwest! 

Auditions Dates: April 26, May 17, 18, and 25th
Go to our website to sign up and learn more!"
